session_id,site_id,charge_point_type,connector,plugin_time,plugout_time,energy_kwh,duration_minutes,idle_minutes,source
ASK_14170,NO_ASK,PRIVATE,AC,2019-09-01 10:20:00,2019-09-01 11:51:00,5.3,91.0,3.785,norway_residential
ASK_14172,NO_ASK,PRIVATE,AC,2019-09-01 13:18:00,2019-09-01 14:51:00,10.78,93.0,30.071,norway_residential
ASK_14176,NO_ASK,PRIVATE,AC,2019-09-01 15:05:00,2019-09-01 18:58:00,2.22,233.0,213.422,norway_residential
ASK_14180,NO_ASK,PRIVATE,AC,2019-09-01 16:04:00,2019-09-02 14:15:00,2.78,1331.0,1314.77,norway_residential
ASK_14181,NO_ASK,PRIVATE,AC,2019-09-01 16:22:00,2019-09-02 07:25:00,55.78,903.0,597.034,norway_residential
ASK_14183,NO_ASK,PRIVATE,AC,2019-09-01 16:39:00,2019-09-02 16:32:00,8.06,1433.0,1292.6,norway_residential
ASK_14184,NO_ASK,PRIVATE,AC,2019-09-01 16:46:00,2019-09-01 19:49:00,7.75,183.0,56.837,norway_residential
ASK_14186,NO_ASK,PRIVATE,AC,2019-09-01 17:06:00,2019-09-02 06:31:00,41.85,805.0,560.698,norway_residential
ASK_14187,NO_ASK,PRIVATE,AC,2019-09-01 17:15:00,2019-09-02 07:06:00,18.33,831.0,529.367,norway_residential
ASK_14192,NO_ASK,PRIVATE,AC,2019-09-01 18:40:00,2019-09-02 08:09:00,2.66,809.0,786.974,norway_residential
ASK_14193,NO_ASK,PRIVATE,AC,2019-09-01 19:15:00,2019-09-02 10:41:00,17.73,926.0,777.122,norway_residential
ASK_14195,NO_ASK,PRIVATE,AC,2019-09-01 19:58:00,2019-09-02 08:55:00,3.41,777.0,746.928,norway_residential
ASK_14199,NO_ASK,PRIVATE,AC,2019-09-01 21:22:00,2019-09-02 06:33:00,4.75,551.0,473.674,norway_residential
ASK_14206,NO_ASK,PRIVATE,AC,2019-09-02 07:32:00,2019-09-02 18:16:00,12.19,644.0,442.433,norway_residential
ASK_14211,NO_ASK,PRIVATE,AC,2019-09-02 13:40:00,2019-09-03 06:32:00,6.53,1012.0,898.649,norway_residential
ASK_14214,NO_ASK,PRIVATE,AC,2019-09-02 18:46:00,2019-09-03 08:10:00,2.24,804.0,785.452,norway_residential
ASK_14216,NO_ASK,PRIVATE,AC,2019-09-02 19:29:00,2019-09-02 22:49:00,7.36,200.0,71.794,norway_residential
ASK_14217,NO_ASK,PRIVATE,AC,2019-09-02 19:43:00,2019-09-03 12:05:00,13.51,982.0,862.857,norway_residential
ASK_14219,NO_ASK,PRIVATE,AC,2019-09-02 19:54:00,2019-09-03 06:32:00,6.03,638.0,539.837,norway_residential
ASK_14220,NO_ASK,PRIVATE,AC,2019-09-02 20:23:00,2019-09-03 07:48:00,21.34,685.0,324.888,norway_residential
ASK_14221,NO_ASK,PRIVATE,AC,2019-09-02 21:10:00,2019-09-03 09:51:00,10.08,761.0,669.118,norway_residential
ASK_14224,NO_ASK,PRIVATE,AC,2019-09-02 21:39:00,2019-09-03 08:41:00,8.61,662.0,589.702,norway_residential
ASK_14227,NO_ASK,PRIVATE,AC,2019-09-02 22:36:00,2019-09-03 07:31:00,34.14,535.0,347.829,norway_residential
ASK_14235,NO_ASK,PRIVATE,AC,2019-09-03 08:48:00,2019-09-03 15:37:00,6.07,409.0,311.88,norway_residential
ASK_14242,NO_ASK,PRIVATE,AC,2019-09-03 16:32:00,2019-09-03 16:57:00,1.46,25.0,1.233,norway_residential
ASK_14244,NO_ASK,PRIVATE,AC,2019-09-03 16:36:00,2019-09-03 16:59:00,0.97,23.0,14.968,norway_residential
ASK_14251,NO_ASK,PRIVATE,AC,2019-09-03 19:05:00,2019-09-03 20:19:00,4.3,74.0,4.0,norway_residential
ASK_14253,NO_ASK,PRIVATE,AC,2019-09-03 19:28:00,2019-09-04 06:48:00,10.81,680.0,502.114,norway_residential
ASK_14254,NO_ASK,PRIVATE,AC,2019-09-03 19:54:00,2019-09-04 11:39:00,10.79,945.0,882.008,norway_residential
ASK_14255,NO_ASK,PRIVATE,AC,2019-09-03 20:31:00,2019-09-04 13:22:00,14.3,1011.0,768.575,norway_residential
ASK_14256,NO_ASK,PRIVATE,AC,2019-09-03 20:36:00,2019-09-04 06:25:00,13.13,589.0,473.208,norway_residential
ASK_14258,NO_ASK,PRIVATE,AC,2019-09-03 20:54:00,2019-09-04 06:29:00,9.8,575.0,415.465,norway_residential
ASK_14261,NO_ASK,PRIVATE,AC,2019-09-03 21:53:00,2019-09-04 08:03:00,7.73,610.0,465.736,norway_residential
ASK_14269,NO_ASK,PRIVATE,AC,2019-09-03 23:52:00,2019-09-04 06:51:00,26.44,419.0,200.07,norway_residential
ASK_14272,NO_ASK,PRIVATE,AC,2019-09-04 08:52:00,2019-09-04 15:35:00,1.59,403.0,377.56,norway_residential
ASK_14273,NO_ASK,PRIVATE,AC,2019-09-04 10:51:00,,27.67,,,norway_residential
ASK_14275,NO_ASK,PRIVATE,AC,2019-09-04 15:42:00,2019-09-04 17:45:00,7.33,123.0,1.795,norway_residential
ASK_14279,NO_ASK,PRIVATE,AC,2019-09-04 16:25:00,2019-09-04 17:18:00,6.04,53.0,2.987,norway_residential
ASK_14280,NO_ASK,PRIVATE,AC,2019-09-04 16:35:00,2019-09-04 18:22:00,6.23,107.0,5.581,norway_residential
ASK_14284,NO_ASK,PRIVATE,AC,2019-09-04 19:09:00,2019-09-05 08:35:00,5.96,806.0,710.64,norway_residential
ASK_14286,NO_ASK,PRIVATE,AC,2019-09-04 20:06:00,2019-09-05 08:14:00,6.41,728.0,608.37,norway_residential
ASK_14288,NO_ASK,PRIVATE,AC,2019-09-04 20:20:00,2019-09-05 08:15:00,7.35,715.0,586.968,norway_residential
ASK_14289,NO_ASK,PRIVATE,AC,2019-09-04 20:39:00,2019-09-05 06:00:00,11.41,561.0,375.256,norway_residential
ASK_14295,NO_ASK,PRIVATE,AC,2019-09-04 21:56:00,2019-09-05 07:31:00,17.45,575.0,421.11,norway_residential
ASK_14296,NO_ASK,PRIVATE,AC,2019-09-04 22:00:00,2019-09-05 08:05:00,11.0,605.0,415.555,norway_residential
ASK_14297,NO_ASK,PRIVATE,AC,2019-09-04 22:06:00,2019-09-05 08:06:00,11.7,600.0,503.121,norway_residential
ASK_14298,NO_ASK,PRIVATE,AC,2019-09-04 22:17:00,2019-09-05 07:50:00,31.99,573.0,397.527,norway_residential
ASK_14303,NO_ASK,PRIVATE,AC,2019-09-05 13:45:00,2019-09-06 11:14:00,13.55,1289.0,1165.488,norway_residential
ASK_14306,NO_ASK,PRIVATE,AC,2019-09-05 15:46:00,2019-09-05 16:48:00,3.46,62.0,6.64,norway_residential
ASK_14308,NO_ASK,PRIVATE,AC,2019-09-05 15:50:00,2019-09-06 08:58:00,15.31,1028.0,774.842,norway_residential
ASK_14311,NO_ASK,PRIVATE,AC,2019-09-05 16:24:00,2019-09-05 17:55:00,3.48,91.0,62.185,norway_residential
ASK_14312,NO_ASK,PRIVATE,AC,2019-09-05 16:27:00,2019-09-06 06:30:00,4.54,843.0,764.192,norway_residential
ASK_14314,NO_ASK,PRIVATE,AC,2019-09-05 16:36:00,2019-09-06 13:17:00,19.62,1241.0,1126.467,norway_residential
ASK_14317,NO_ASK,PRIVATE,AC,2019-09-05 17:21:00,2019-09-06 07:11:00,3.63,830.0,767.483,norway_residential
ASK_14319,NO_ASK,PRIVATE,AC,2019-09-05 18:53:00,2019-09-06 08:29:00,5.74,816.0,724.16,norway_residential
ASK_14320,NO_ASK,PRIVATE,AC,2019-09-05 19:12:00,2019-09-06 05:50:00,4.45,638.0,601.153,norway_residential
ASK_14322,NO_ASK,PRIVATE,AC,2019-09-05 19:56:00,2019-09-06 08:33:00,3.04,757.0,700.265,norway_residential
ASK_14325,NO_ASK,PRIVATE,AC,2019-09-05 20:27:00,2019-09-06 06:41:00,8.02,614.0,483.442,norway_residential
ASK_14327,NO_ASK,PRIVATE,AC,2019-09-05 21:15:00,2019-09-06 08:29:00,36.07,674.0,476.248,norway_residential
ASK_14329,NO_ASK,PRIVATE,AC,2019-09-05 21:48:00,2019-09-06 06:49:00,14.67,541.0,411.627,norway_residential
ASK_14332,NO_ASK,PRIVATE,AC,2019-09-05 22:52:00,2019-09-06 06:20:00,6.28,448.0,344.658,norway_residential
ASK_14340,NO_ASK,PRIVATE,AC,2019-09-06 11:09:00,2019-09-06 12:53:00,3.32,104.0,50.88,norway_residential
ASK_14342,NO_ASK,PRIVATE,AC,2019-09-06 12:10:00,2019-09-06 12:57:00,2.58,47.0,25.336,norway_residential
ASK_14344,NO_ASK,PRIVATE,AC,2019-09-06 12:50:00,2019-09-07 12:25:00,15.42,1415.0,1160.023,norway_residential
ASK_14345,NO_ASK,PRIVATE,AC,2019-09-06 13:15:00,2019-09-06 14:27:00,4.15,72.0,4.442,norway_residential
ASK_14349,NO_ASK,PRIVATE,AC,2019-09-06 15:26:00,2019-09-07 13:18:00,4.93,1312.0,1268.523,norway_residential
ASK_14351,NO_ASK,PRIVATE,AC,2019-09-06 16:08:00,2019-09-07 14:39:00,4.39,1351.0,1274.796,norway_residential
ASK_14355,NO_ASK,PRIVATE,AC,2019-09-06 16:57:00,2019-09-06 17:32:00,1.92,35.0,1.555,norway_residential
ASK_14354,NO_ASK,PRIVATE,AC,2019-09-06 16:57:00,2019-09-06 18:22:00,4.98,85.0,3.93,norway_residential
ASK_14356,NO_ASK,PRIVATE,AC,2019-09-06 16:59:00,2019-09-07 10:42:00,6.8,1063.0,1005.901,norway_residential
ASK_14359,NO_ASK,PRIVATE,AC,2019-09-06 17:42:00,2019-09-07 09:24:00,6.06,942.0,845.04,norway_residential
ASK_14360,NO_ASK,PRIVATE,AC,2019-09-06 18:01:00,2019-09-06 18:21:00,2.28,20.0,6.69,norway_residential
ASK_14362,NO_ASK,PRIVATE,AC,2019-09-06 18:17:00,2019-09-07 11:06:00,4.67,1009.0,970.331,norway_residential
ASK_14365,NO_ASK,PRIVATE,AC,2019-09-06 18:37:00,2019-09-06 19:21:00,2.55,44.0,2.488,norway_residential
ASK_14367,NO_ASK,PRIVATE,AC,2019-09-06 18:50:00,2019-09-07 13:56:00,62.67,1146.0,780.16,norway_residential
ASK_14371,NO_ASK,PRIVATE,AC,2019-09-06 21:07:00,2019-09-07 08:51:00,8.14,704.0,571.488,norway_residential
ASK_14384,NO_ASK,PRIVATE,AC,2019-09-07 09:39:00,2019-09-07 12:41:00,2.72,182.0,137.721,norway_residential
ASK_14385,NO_ASK,PRIVATE,AC,2019-09-07 10:57:00,2019-09-07 13:00:00,7.03,123.0,1.928,norway_residential
ASK_14386,NO_ASK,PRIVATE,AC,2019-09-07 11:03:00,2019-09-07 13:10:00,12.92,127.0,18.511,norway_residential
ASK_14387,NO_ASK,PRIVATE,AC,2019-09-07 12:14:00,2019-09-07 16:58:00,7.69,284.0,140.482,norway_residential
ASK_14388,NO_ASK,PRIVATE,AC,2019-09-07 13:02:00,2019-09-07 20:34:00,18.74,452.0,283.005,norway_residential
ASK_14390,NO_ASK,PRIVATE,AC,2019-09-07 14:36:00,2019-09-08 12:00:00,4.21,1284.0,1211.494,norway_residential
ASK_14396,NO_ASK,PRIVATE,AC,2019-09-07 16:42:00,2019-09-08 18:22:00,8.2,1540.0,1397.661,norway_residential
ASK_14400,NO_ASK,PRIVATE,AC,2019-09-07 17:34:00,2019-09-09 08:44:00,6.14,2350.0,2251.76,norway_residential
ASK_14401,NO_ASK,PRIVATE,AC,2019-09-07 17:38:00,2019-09-07 18:50:00,4.22,72.0,0.459,norway_residential
ASK_14405,NO_ASK,PRIVATE,AC,2019-09-07 18:41:00,2019-09-08 09:48:00,4.32,907.0,871.23,norway_residential
ASK_14407,NO_ASK,PRIVATE,AC,2019-09-07 19:32:00,2019-09-08 15:44:00,4.68,1212.0,1132.661,norway_residential
ASK_14409,NO_ASK,PRIVATE,AC,2019-09-07 20:24:00,2019-09-08 10:36:00,11.45,852.0,751.024,norway_residential
ASK_14411,NO_ASK,PRIVATE,AC,2019-09-07 21:24:00,2019-09-08 11:01:00,2.75,817.0,772.233,norway_residential
ASK_14413,NO_ASK,PRIVATE,AC,2019-09-07 22:32:00,2019-09-08 10:50:00,7.78,738.0,592.802,norway_residential
ASK_14422,NO_ASK,PRIVATE,AC,2019-09-08 13:27:00,2019-09-09 06:28:00,4.05,1021.0,955.07,norway_residential
ASK_14427,NO_ASK,PRIVATE,AC,2019-09-08 17:28:00,2019-09-08 19:05:00,11.19,97.0,31.678,norway_residential
ASK_14432,NO_ASK,PRIVATE,AC,2019-09-08 19:43:00,2019-09-09 08:04:00,4.74,741.0,652.538,norway_residential
ASK_14434,NO_ASK,PRIVATE,AC,2019-09-08 19:57:00,2019-09-09 08:12:00,10.25,735.0,650.127,norway_residential
ASK_14440,NO_ASK,PRIVATE,AC,2019-09-08 21:14:00,2019-09-09 06:17:00,7.95,543.0,405.0,norway_residential
ASK_14448,NO_ASK,PRIVATE,AC,2019-09-09 12:11:00,2019-09-09 15:32:00,36.59,201.0,0.295,norway_residential
ASK_14449,NO_ASK,PRIVATE,AC,2019-09-09 12:18:00,2019-09-09 13:08:00,2.53,50.0,9.52,norway_residential
ASK_14450,NO_ASK,PRIVATE,AC,2019-09-09 13:30:00,2019-09-09 13:58:00,1.58,28.0,14.733,norway_residential
ASK_14451,NO_ASK,PRIVATE,AC,2019-09-09 14:22:00,2019-09-09 18:46:00,4.91,264.0,222.771,norway_residential
ASK_14455,NO_ASK,PRIVATE,AC,2019-09-09 15:57:00,2019-09-09 17:18:00,9.13,81.0,5.401,norway_residential
ASK_14459,NO_ASK,PRIVATE,AC,2019-09-09 16:23:00,2019-09-09 18:54:00,3.18,151.0,100.12,norway_residential
ASK_14461,NO_ASK,PRIVATE,AC,2019-09-09 16:53:00,2019-09-10 08:29:00,42.07,936.0,705.353,norway_residential
ASK_14465,NO_ASK,PRIVATE,AC,2019-09-09 17:42:00,2019-09-09 18:49:00,3.81,67.0,1.383,norway_residential
ASK_14467,NO_ASK,PRIVATE,AC,2019-09-09 18:04:00,2019-09-10 16:44:00,6.73,1360.0,1242.768,norway_residential
ASK_14468,NO_ASK,PRIVATE,AC,2019-09-09 19:17:00,2019-09-09 20:02:00,4.0,45.0,11.879,norway_residential
ASK_14469,NO_ASK,PRIVATE,AC,2019-09-09 19:20:00,2019-09-09 19:56:00,1.97,36.0,2.603,norway_residential
ASK_14470,NO_ASK,PRIVATE,AC,2019-09-09 19:38:00,2019-09-10 09:51:00,6.91,853.0,790.014,norway_residential
ASK_14472,NO_ASK,PRIVATE,AC,2019-09-09 20:16:00,2019-09-10 06:41:00,12.43,625.0,422.651,norway_residential
ASK_14475,NO_ASK,PRIVATE,AC,2019-09-09 20:42:00,2019-09-10 07:52:00,1.09,670.0,660.975,norway_residential
ASK_14476,NO_ASK,PRIVATE,AC,2019-09-09 20:43:00,2019-09-10 08:41:00,6.15,718.0,603.223,norway_residential
ASK_14477,NO_ASK,PRIVATE,AC,2019-09-09 20:51:00,2019-09-10 08:43:00,6.07,712.0,614.88,norway_residential
ASK_14478,NO_ASK,PRIVATE,AC,2019-09-09 20:57:00,2019-09-10 07:08:00,5.21,611.0,521.272,norway_residential
ASK_14486,NO_ASK,PRIVATE,AC,2019-09-10 12:21:00,2019-09-10 15:50:00,2.8,209.0,164.2,norway_residential
ASK_14493,NO_ASK,PRIVATE,AC,2019-09-10 15:56:00,2019-09-10 17:45:00,6.33,109.0,4.835,norway_residential
ASK_14499,NO_ASK,PRIVATE,AC,2019-09-10 16:22:00,2019-09-11 08:04:00,3.18,942.0,887.233,norway_residential
ASK_14502,NO_ASK,PRIVATE,AC,2019-09-10 17:04:00,2019-09-11 07:46:00,20.96,882.0,692.986,norway_residential
ASK_14505,NO_ASK,PRIVATE,AC,2019-09-10 17:54:00,2019-09-10 18:07:00,1.57,13.0,0.0,norway_residential
ASK_14506,NO_ASK,PRIVATE,AC,2019-09-10 18:26:00,2019-09-11 08:36:00,4.28,850.0,781.52,norway_residential
ASK_14507,NO_ASK,PRIVATE,AC,2019-09-10 18:33:00,2019-09-10 19:01:00,1.23,28.0,5.045,norway_residential
ASK_14509,NO_ASK,PRIVATE,AC,2019-09-10 18:55:00,2019-09-11 11:32:00,10.19,997.0,904.115,norway_residential
ASK_14511,NO_ASK,PRIVATE,AC,2019-09-10 19:15:00,2019-09-11 06:26:00,6.17,671.0,570.558,norway_residential
ASK_14513,NO_ASK,PRIVATE,AC,2019-09-10 19:35:00,2019-09-11 08:09:00,10.48,754.0,667.223,norway_residential
ASK_14514,NO_ASK,PRIVATE,AC,2019-09-10 19:40:00,2019-09-11 13:08:00,9.56,1048.0,885.932,norway_residential
ASK_14518,NO_ASK,PRIVATE,AC,2019-09-10 20:33:00,2019-09-11 06:29:00,2.08,596.0,557.181,norway_residential
ASK_14527,NO_ASK,PRIVATE,AC,2019-09-11 10:18:00,2019-09-11 15:27:00,2.87,309.0,263.08,norway_residential
ASK_14528,NO_ASK,PRIVATE,AC,2019-09-11 14:13:00,2019-09-11 16:25:00,2.34,132.0,92.33,norway_residential
ASK_14532,NO_ASK,PRIVATE,AC,2019-09-11 16:00:00,2019-09-12 08:39:00,5.36,999.0,898.967,norway_residential
ASK_14534,NO_ASK,PRIVATE,AC,2019-09-11 16:20:00,2019-09-11 18:11:00,18.59,111.0,2.48,norway_residential
ASK_14540,NO_ASK,PRIVATE,AC,2019-09-11 17:00:00,2019-09-11 17:44:00,2.55,44.0,3.2,norway_residential
ASK_14542,NO_ASK,PRIVATE,AC,2019-09-11 17:38:00,2019-09-12 17:54:00,3.13,1456.0,1402.938,norway_residential
ASK_14545,NO_ASK,PRIVATE,AC,2019-09-11 18:14:00,2019-09-12 06:29:00,61.41,735.0,376.515,norway_residential
ASK_14546,NO_ASK,PRIVATE,AC,2019-09-11 18:51:00,2019-09-12 07:08:00,8.05,737.0,598.361,norway_residential
ASK_14547,NO_ASK,PRIVATE,AC,2019-09-11 19:10:00,2019-09-13 12:17:00,40.99,2467.0,2242.274,norway_residential
ASK_14548,NO_ASK,PRIVATE,AC,2019-09-11 19:11:00,2019-09-12 08:38:00,6.03,807.0,710.52,norway_residential
ASK_14550,NO_ASK,PRIVATE,AC,2019-09-11 19:38:00,2019-09-12 08:14:00,8.45,756.0,686.032,norway_residential
ASK_14556,NO_ASK,PRIVATE,AC,2019-09-11 20:40:00,2019-09-12 07:37:00,13.5,657.0,433.772,norway_residential
ASK_14559,NO_ASK,PRIVATE,AC,2019-09-11 21:10:00,2019-09-12 06:18:00,8.12,548.0,414.38,norway_residential
ASK_14561,NO_ASK,PRIVATE,AC,2019-09-11 21:27:00,2019-09-12 08:20:00,7.84,653.0,525.372,norway_residential
ASK_14565,NO_ASK,PRIVATE,AC,2019-09-11 22:21:00,2019-09-12 09:47:00,6.44,686.0,631.923,norway_residential
ASK_14574,NO_ASK,PRIVATE,AC,2019-09-12 09:37:00,2019-09-12 11:06:00,2.34,89.0,51.56,norway_residential
ASK_14579,NO_ASK,PRIVATE,AC,2019-09-12 14:21:00,2019-09-12 15:35:00,4.23,74.0,6.32,norway_residential
ASK_14580,NO_ASK,PRIVATE,AC,2019-09-12 14:45:00,2019-09-12 16:44:00,8.18,119.0,44.437,norway_residential
ASK_14584,NO_ASK,PRIVATE,AC,2019-09-12 15:52:00,2019-09-12 16:37:00,2.66,45.0,1.228,norway_residential
ASK_14585,NO_ASK,PRIVATE,AC,2019-09-12 16:42:00,2019-09-13 08:04:00,4.16,922.0,850.356,norway_residential
ASK_14589,NO_ASK,PRIVATE,AC,2019-09-12 18:02:00,2019-09-13 06:46:00,5.82,764.0,669.256,norway_residential
ASK_14590,NO_ASK,PRIVATE,AC,2019-09-12 18:23:00,2019-09-13 07:36:00,11.56,793.0,602.772,norway_residential
ASK_14591,NO_ASK,PRIVATE,AC,2019-09-12 18:34:00,2019-09-12 20:04:00,1.11,90.0,71.182,norway_residential
ASK_14592,NO_ASK,PRIVATE,AC,2019-09-12 18:47:00,2019-09-12 19:37:00,2.69,50.0,6.96,norway_residential
ASK_14593,NO_ASK,PRIVATE,AC,2019-09-12 18:59:00,2019-09-13 08:13:00,3.86,794.0,762.038,norway_residential
ASK_14595,NO_ASK,PRIVATE,AC,2019-09-12 20:40:00,2019-09-13 08:41:00,4.47,721.0,649.48,norway_residential
ASK_14596,NO_ASK,PRIVATE,AC,2019-09-12 20:43:00,2019-09-13 07:58:00,4.72,675.0,586.911,norway_residential
ASK_14597,NO_ASK,PRIVATE,AC,2019-09-12 20:55:00,2019-09-13 13:11:00,5.99,976.0,874.453,norway_residential
ASK_14607,NO_ASK,PRIVATE,AC,2019-09-13 09:22:00,2019-09-13 12:50:00,2.11,208.0,174.24,norway_residential
ASK_14610,NO_ASK,PRIVATE,AC,2019-09-13 13:31:00,2019-09-13 15:11:00,5.64,100.0,2.098,norway_residential
ASK_14612,NO_ASK,PRIVATE,AC,2019-09-13 14:33:00,2019-09-13 18:24:00,1.93,231.0,200.12,norway_residential
ASK_14613,NO_ASK,PRIVATE,AC,2019-09-13 14:37:00,2019-09-13 16:24:00,5.79,107.0,12.744,norway_residential
ASK_14615,NO_ASK,PRIVATE,AC,2019-09-13 16:08:00,2019-09-13 16:38:00,1.73,30.0,1.532,norway_residential
ASK_14616,NO_ASK,PRIVATE,AC,2019-09-13 16:14:00,2019-09-14 12:48:00,7.63,1234.0,1101.091,norway_residential
ASK_14618,NO_ASK,PRIVATE,AC,2019-09-13 16:29:00,2019-09-13 17:19:00,1.92,50.0,17.451,norway_residential
ASK_14620,NO_ASK,PRIVATE,AC,2019-09-13 16:31:00,2019-09-14 08:55:00,6.95,984.0,921.326,norway_residential
ASK_14621,NO_ASK,PRIVATE,AC,2019-09-13 16:50:00,2019-09-14 08:06:00,1.92,916.0,900.102,norway_residential
ASK_14622,NO_ASK,PRIVATE,AC,2019-09-13 16:53:00,2019-09-14 10:52:00,1.04,1079.0,1061.886,norway_residential
ASK_14623,NO_ASK,PRIVATE,AC,2019-09-13 17:02:00,2019-09-14 12:01:00,4.13,1139.0,1067.872,norway_residential
ASK_14626,NO_ASK,PRIVATE,AC,2019-09-13 17:38:00,2019-09-13 18:36:00,3.39,58.0,2.814,norway_residential
ASK_14629,NO_ASK,PRIVATE,AC,2019-09-13 18:02:00,2019-09-13 18:46:00,2.52,44.0,21.776,norway_residential
ASK_14630,NO_ASK,PRIVATE,AC,2019-09-13 18:15:00,2019-09-14 11:22:00,2.18,1027.0,990.043,norway_residential
ASK_14631,NO_ASK,PRIVATE,AC,2019-09-13 19:12:00,2019-09-14 09:09:00,18.49,837.0,673.939,norway_residential
ASK_14632,NO_ASK,PRIVATE,AC,2019-09-13 19:27:00,2019-09-14 11:28:00,5.39,961.0,873.256,norway_residential
ASK_14633,NO_ASK,PRIVATE,AC,2019-09-13 20:23:00,2019-09-14 14:59:00,11.87,1116.0,1007.802,norway_residential
ASK_14638,NO_ASK,PRIVATE,AC,2019-09-13 21:51:00,2019-09-14 17:22:00,2.97,1171.0,1146.061,norway_residential
ASK_14646,NO_ASK,PRIVATE,AC,2019-09-14 13:45:00,2019-09-14 14:46:00,3.3,61.0,8.2,norway_residential
ASK_14647,NO_ASK,PRIVATE,AC,2019-09-14 13:49:00,2019-09-14 14:50:00,3.62,61.0,2.07,norway_residential
ASK_14649,NO_ASK,PRIVATE,AC,2019-09-14 14:03:00,2019-09-14 14:58:00,9.89,55.0,0.751,norway_residential
ASK_14651,NO_ASK,PRIVATE,AC,2019-09-14 14:56:00,2019-09-14 17:17:00,7.87,141.0,75.834,norway_residential
ASK_14655,NO_ASK,PRIVATE,AC,2019-09-14 16:32:00,2019-09-14 17:58:00,5.08,86.0,3.302,norway_residential
ASK_14657,NO_ASK,PRIVATE,AC,2019-09-14 16:44:00,2019-09-15 10:31:00,45.15,1067.0,819.342,norway_residential
ASK_14658,NO_ASK,PRIVATE,AC,2019-09-14 16:48:00,2019-09-14 19:51:00,21.2,183.0,59.244,norway_residential
ASK_14660,NO_ASK,PRIVATE,AC,2019-09-14 17:19:00,2019-09-16 08:40:00,1.85,2361.0,2331.4,norway_residential
ASK_14663,NO_ASK,PRIVATE,AC,2019-09-14 17:43:00,2019-09-15 13:55:00,8.86,1212.0,1061.798,norway_residential
ASK_14665,NO_ASK,PRIVATE,AC,2019-09-14 17:56:00,2019-09-15 13:16:00,6.45,1160.0,1047.645,norway_residential
ASK_14666,NO_ASK,PRIVATE,AC,2019-09-14 18:06:00,2019-09-15 07:51:00,3.99,825.0,791.496,norway_residential
ASK_14668,NO_ASK,PRIVATE,AC,2019-09-14 18:19:00,2019-09-15 08:16:00,8.56,837.0,697.651,norway_residential
ASK_14672,NO_ASK,PRIVATE,AC,2019-09-14 19:36:00,2019-09-15 09:40:00,29.07,844.0,581.851,norway_residential
ASK_14684,NO_ASK,PRIVATE,AC,2019-09-15 12:30:00,2019-09-15 18:25:00,11.71,355.0,164.372,norway_residential
ASK_14686,NO_ASK,PRIVATE,AC,2019-09-15 12:31:00,2019-09-16 08:49:00,6.23,1218.0,1165.687,norway_residential
ASK_14691,NO_ASK,PRIVATE,AC,2019-09-15 14:12:00,2019-09-15 15:39:00,5.02,87.0,42.729,norway_residential
ASK_14690,NO_ASK,PRIVATE,AC,2019-09-15 14:12:00,2019-09-16 07:42:00,14.52,1050.0,811.063,norway_residential
ASK_14693,NO_ASK,PRIVATE,AC,2019-09-15 15:53:00,2019-09-15 16:41:00,2.77,48.0,23.572,norway_residential
ASK_14694,NO_ASK,PRIVATE,AC,2019-09-15 16:00:00,2019-09-15 20:28:00,7.26,268.0,141.535,norway_residential
ASK_14695,NO_ASK,PRIVATE,AC,2019-09-15 16:32:00,2019-09-16 06:22:00,21.96,830.0,420.161,norway_residential
ASK_14697,NO_ASK,PRIVATE,AC,2019-09-15 17:03:00,2019-09-16 07:06:00,6.67,843.0,729.925,norway_residential
ASK_14700,NO_ASK,PRIVATE,AC,2019-09-15 19:42:00,2019-09-16 06:39:00,1.13,657.0,638.605,norway_residential
ASK_14704,NO_ASK,PRIVATE,AC,2019-09-15 20:29:00,2019-09-16 07:26:00,13.51,657.0,537.857,norway_residential
ASK_14707,NO_ASK,PRIVATE,AC,2019-09-15 21:19:00,2019-09-16 06:27:00,49.81,548.0,257.231,norway_residential
ASK_14715,NO_ASK,PRIVATE,AC,2019-09-16 10:37:00,2019-09-16 11:12:00,5.81,35.0,1.081,norway_residential
ASK_14722,NO_ASK,PRIVATE,AC,2019-09-16 16:08:00,2019-09-16 19:13:00,6.05,185.0,86.512,norway_residential
ASK_14725,NO_ASK,PRIVATE,AC,2019-09-16 16:34:00,2019-09-17 08:04:00,5.33,930.0,838.206,norway_residential
ASK_14726,NO_ASK,PRIVATE,AC,2019-09-16 16:35:00,2019-09-16 18:03:00,2.15,88.0,51.552,norway_residential
ASK_14729,NO_ASK,PRIVATE,AC,2019-09-16 17:34:00,2019-09-16 21:59:00,12.14,265.0,154.341,norway_residential
ASK_14730,NO_ASK,PRIVATE,AC,2019-09-16 18:00:00,2019-09-16 18:54:00,3.03,54.0,5.52,norway_residential
ASK_14732,NO_ASK,PRIVATE,AC,2019-09-16 18:46:00,2019-09-17 10:46:00,57.17,960.0,646.568,norway_residential
ASK_14733,NO_ASK,PRIVATE,AC,2019-09-16 18:58:00,2019-09-17 07:47:00,7.12,769.0,636.12,norway_residential
ASK_14735,NO_ASK,PRIVATE,AC,2019-09-16 19:17:00,2019-09-16 20:26:00,3.92,69.0,6.28,norway_residential
ASK_14736,NO_ASK,PRIVATE,AC,2019-09-16 19:35:00,2019-09-17 08:15:00,6.42,760.0,706.841,norway_residential
ASK_14737,NO_ASK,PRIVATE,AC,2019-09-16 20:05:00,2019-09-17 06:40:00,4.22,635.0,566.302,norway_residential
ASK_14738,NO_ASK,PRIVATE,AC,2019-09-16 20:15:00,2019-09-17 07:38:00,13.91,683.0,452.992,norway_residential
ASK_14741,NO_ASK,PRIVATE,AC,2019-09-16 20:53:00,2019-09-17 08:44:00,4.1,711.0,645.4,norway_residential
ASK_14745,NO_ASK,PRIVATE,AC,2019-09-16 21:57:00,2019-09-17 06:25:00,8.26,508.0,435.156,norway_residential
ASK_14753,NO_ASK,PRIVATE,AC,2019-09-17 10:27:00,2019-09-18 18:05:00,6.04,1898.0,1847.282,norway_residential
ASK_14754,NO_ASK,PRIVATE,AC,2019-09-17 11:53:00,2019-09-17 14:05:00,5.87,132.0,99.818,norway_residential
ASK_14756,NO_ASK,PRIVATE,AC,2019-09-17 12:35:00,2019-09-17 15:33:00,3.04,178.0,129.36,norway_residential
ASK_14759,NO_ASK,PRIVATE,AC,2019-09-17 14:31:00,2019-09-19 06:32:00,6.34,2401.0,2290.947,norway_residential
ASK_14761,NO_ASK,PRIVATE,AC,2019-09-17 14:42:00,2019-09-18 08:21:00,14.31,1059.0,975.464,norway_residential
ASK_14762,NO_ASK,PRIVATE,AC,2019-09-17 14:45:00,2019-09-17 17:05:00,7.86,140.0,6.751,norway_residential
ASK_14765,NO_ASK,PRIVATE,AC,2019-09-17 15:37:00,2019-09-17 17:34:00,6.74,117.0,57.561,norway_residential
ASK_14770,NO_ASK,PRIVATE,AC,2019-09-17 17:10:00,2019-09-17 19:14:00,6.79,124.0,7.061,norway_residential
ASK_14775,NO_ASK,PRIVATE,AC,2019-09-17 18:42:00,2019-09-18 15:33:00,7.94,1251.0,1112.69,norway_residential
ASK_14774,NO_ASK,PRIVATE,AC,2019-09-17 18:42:00,2019-09-17 19:19:00,2.08,37.0,18.657,norway_residential
ASK_14776,NO_ASK,PRIVATE,AC,2019-09-17 19:12:00,2019-09-18 08:39:00,3.7,807.0,747.8,norway_residential
ASK_14777,NO_ASK,PRIVATE,AC,2019-09-17 19:23:00,2019-09-18 08:16:00,6.95,773.0,715.452,norway_residential
ASK_14779,NO_ASK,PRIVATE,AC,2019-09-17 19:40:00,2019-09-18 06:33:00,5.88,653.0,557.279,norway_residential
ASK_14780,NO_ASK,PRIVATE,AC,2019-09-17 19:54:00,2019-09-18 07:04:00,5.44,670.0,622.025,norway_residential
ASK_14786,NO_ASK,PRIVATE,AC,2019-09-17 21:21:00,2019-09-18 11:48:00,7.96,867.0,732.056,norway_residential
ASK_14787,NO_ASK,PRIVATE,AC,2019-09-17 21:51:00,2019-09-18 08:08:00,1.54,617.0,588.259,norway_residential
ASK_14788,NO_ASK,PRIVATE,AC,2019-09-17 21:53:00,2019-09-18 07:10:00,4.73,557.0,475.539,norway_residential
ASK_14795,NO_ASK,PRIVATE,AC,2019-09-18 09:28:00,2019-09-19 08:21:00,5.35,1373.0,1280.861,norway_residential
ASK_14798,NO_ASK,PRIVATE,AC,2019-09-18 12:18:00,2019-09-18 13:47:00,2.86,89.0,43.24,norway_residential
ASK_14799,NO_ASK,PRIVATE,AC,2019-09-18 12:19:00,2019-09-18 17:19:00,42.5,300.0,66.878,norway_residential
ASK_14803,NO_ASK,PRIVATE,AC,2019-09-18 15:24:00,2019-09-19 09:08:00,13.71,1064.0,953.052,norway_residential
ASK_14807,NO_ASK,PRIVATE,AC,2019-09-18 16:14:00,2019-09-19 06:07:00,13.78,833.0,606.24,norway_residential
ASK_14808,NO_ASK,PRIVATE,AC,2019-09-18 16:39:00,2019-09-18 17:41:00,1.65,62.0,35.6,norway_residential
ASK_14812,NO_ASK,PRIVATE,AC,2019-09-18 18:46:00,2019-09-19 17:18:00,4.52,1352.0,1275.373,norway_residential
ASK_14814,NO_ASK,PRIVATE,AC,2019-09-18 19:16:00,2019-09-19 08:26:00,48.39,790.0,524.704,norway_residential
ASK_14815,NO_ASK,PRIVATE,AC,2019-09-18 19:20:00,2019-09-19 19:54:00,7.5,1474.0,1343.355,norway_residential
ASK_14816,NO_ASK,PRIVATE,AC,2019-09-18 19:22:00,2019-09-19 08:32:00,4.74,790.0,750.752,norway_residential
ASK_14817,NO_ASK,PRIVATE,AC,2019-09-18 19:31:00,2019-09-19 08:35:00,6.07,784.0,686.88,norway_residential
ASK_14818,NO_ASK,PRIVATE,AC,2019-09-18 20:00:00,2019-09-19 09:56:00,2.02,836.0,798.301,norway_residential
ASK_14819,NO_ASK,PRIVATE,AC,2019-09-18 20:21:00,2019-09-19 06:25:00,14.81,604.0,473.392,norway_residential
ASK_14821,NO_ASK,PRIVATE,AC,2019-09-18 20:31:00,2019-09-19 09:08:00,9.16,757.0,607.884,norway_residential
ASK_14828,NO_ASK,PRIVATE,AC,2019-09-18 22:03:00,2019-09-19 09:25:00,12.58,682.0,567.33,norway_residential
ASK_14834,NO_ASK,PRIVATE,AC,2019-09-19 12:18:00,2019-09-19 15:15:00,2.58,177.0,135.72,norway_residential
ASK_14838,NO_ASK,PRIVATE,AC,2019-09-19 14:52:00,2019-09-19 17:39:00,7.22,167.0,103.328,norway_residential
ASK_14839,NO_ASK,PRIVATE,AC,2019-09-19 15:14:00,2019-09-19 17:21:00,5.47,127.0,37.954,norway_residential
ASK_14840,NO_ASK,PRIVATE,AC,2019-09-19 15:28:00,2019-09-19 20:20:00,11.04,292.0,109.449,norway_residential
ASK_14843,NO_ASK,PRIVATE,AC,2019-09-19 15:57:00,2019-09-19 16:48:00,1.45,51.0,27.8,norway_residential
ASK_14844,NO_ASK,PRIVATE,AC,2019-09-19 16:12:00,2019-09-19 19:51:00,21.52,219.0,93.365,norway_residential
ASK_14852,NO_ASK,PRIVATE,AC,2019-09-19 18:31:00,2019-09-20 05:58:00,6.77,687.0,575.595,norway_residential
ASK_14853,NO_ASK,PRIVATE,AC,2019-09-19 18:32:00,2019-09-20 08:42:00,3.8,850.0,789.2,norway_residential
ASK_14854,NO_ASK,PRIVATE,AC,2019-09-19 18:32:00,2019-09-20 10:38:00,8.29,966.0,898.913,norway_residential
ASK_14855,NO_ASK,PRIVATE,AC,2019-09-19 18:44:00,2019-09-20 17:06:00,2.77,1342.0,1295.041,norway_residential
ASK_14859,NO_ASK,PRIVATE,AC,2019-09-19 19:17:00,2019-09-19 21:32:00,2.04,135.0,101.791,norway_residential
ASK_14864,NO_ASK,PRIVATE,AC,2019-09-19 20:43:00,2019-09-20 17:31:00,11.71,1248.0,1144.731,norway_residential
ASK_14868,NO_ASK,PRIVATE,AC,2019-09-19 21:49:00,2019-09-20 06:53:00,2.2,544.0,508.186,norway_residential
ASK_14870,NO_ASK,PRIVATE,AC,2019-09-19 22:17:00,2019-09-20 08:42:00,7.63,625.0,482.602,norway_residential
ASK_14875,NO_ASK,PRIVATE,AC,2019-09-20 08:42:00,2019-09-20 09:57:00,8.92,75.0,0.099,norway_residential
ASK_14877,NO_ASK,PRIVATE,AC,2019-09-20 12:20:00,2019-09-20 12:32:00,1.9,12.0,0.908,norway_residential
ASK_14883,NO_ASK,PRIVATE,AC,2019-09-20 15:18:00,2019-09-22 09:42:00,6.15,2544.0,2443.884,norway_residential
ASK_14886,NO_ASK,PRIVATE,AC,2019-09-20 16:06:00,2019-09-23 08:02:00,4.86,3836.0,3752.3,norway_residential
ASK_14889,NO_ASK,PRIVATE,AC,2019-09-20 16:39:00,2019-09-20 17:33:00,6.16,54.0,2.994,norway_residential
ASK_14893,NO_ASK,PRIVATE,AC,2019-09-20 17:01:00,2019-09-21 08:33:00,17.17,932.0,793.052,norway_residential
ASK_14894,NO_ASK,PRIVATE,AC,2019-09-20 17:11:00,2019-09-20 17:48:00,2.12,37.0,0.071,norway_residential
ASK_14895,NO_ASK,PRIVATE,AC,2019-09-20 17:18:00,2019-09-21 14:40:00,68.78,1282.0,880.493,norway_residential
ASK_14896,NO_ASK,PRIVATE,AC,2019-09-20 17:36:00,2019-09-21 16:07:00,4.36,1351.0,1314.898,norway_residential
ASK_14897,NO_ASK,PRIVATE,AC,2019-09-20 17:52:00,2019-09-21 09:39:00,4.76,947.0,870.84,norway_residential
ASK_14900,NO_ASK,PRIVATE,AC,2019-09-20 18:28:00,2019-09-21 09:49:00,5.62,921.0,823.103,norway_residential
ASK_14907,NO_ASK,PRIVATE,AC,2019-09-20 21:39:00,2019-09-21 12:01:00,32.68,862.0,682.834,norway_residential
ASK_14920,NO_ASK,PRIVATE,AC,2019-09-21 12:32:00,2019-09-21 13:29:00,3.27,57.0,4.68,norway_residential
ASK_14923,NO_ASK,PRIVATE,AC,2019-09-21 14:18:00,2019-09-21 19:59:00,41.0,341.0,116.105,norway_residential
ASK_14924,NO_ASK,PRIVATE,AC,2019-09-21 14:54:00,2019-09-22 10:12:00,20.93,1158.0,969.256,norway_residential
ASK_14927,NO_ASK,PRIVATE,AC,2019-09-21 16:17:00,2019-09-21 18:36:00,8.31,139.0,2.253,norway_residential
ASK_14930,NO_ASK,PRIVATE,AC,2019-09-21 17:49:00,2019-09-22 09:05:00,8.3,916.0,842.803,norway_residential
ASK_14931,NO_ASK,PRIVATE,AC,2019-09-21 18:41:00,2019-09-21 23:35:00,17.24,294.0,3.075,norway_residential
ASK_14932,NO_ASK,PRIVATE,AC,2019-09-21 19:03:00,2019-09-21 21:47:00,6.1,164.0,66.4,norway_residential
ASK_14933,NO_ASK,PRIVATE,AC,2019-09-21 19:12:00,2019-09-23 06:09:00,9.14,2097.0,1946.595,norway_residential
ASK_14934,NO_ASK,PRIVATE,AC,2019-09-21 19:12:00,2019-09-22 12:58:00,19.32,1066.0,909.653,norway_residential
ASK_14949,NO_ASK,PRIVATE,AC,2019-09-22 10:45:00,2019-09-22 13:57:00,15.96,192.0,57.985,norway_residential
ASK_14952,NO_ASK,PRIVATE,AC,2019-09-22 12:28:00,2019-09-23 07:29:00,12.28,1141.0,937.945,norway_residential
ASK_14953,NO_ASK,PRIVATE,AC,2019-09-22 12:39:00,2019-09-22 16:46:00,7.53,247.0,115.832,norway_residential
ASK_14954,NO_ASK,PRIVATE,AC,2019-09-22 13:09:00,2019-09-22 14:35:00,2.59,86.0,44.56,norway_residential
ASK_14955,NO_ASK,PRIVATE,AC,2019-09-22 13:11:00,2019-09-22 16:47:00,8.29,216.0,75.461,norway_residential
ASK_14956,NO_ASK,PRIVATE,AC,2019-09-22 13:19:00,2019-09-22 23:34:00,3.54,615.0,585.688,norway_residential
ASK_14959,NO_ASK,PRIVATE,AC,2019-09-22 15:05:00,2019-09-23 08:48:00,1.3,1063.0,1042.2,norway_residential
ASK_14961,NO_ASK,PRIVATE,AC,2019-09-22 16:16:00,2019-09-23 09:30:00,6.6,1034.0,980.589,norway_residential
ASK_14962,NO_ASK,PRIVATE,AC,2019-09-22 16:33:00,2019-09-22 20:41:00,11.76,248.0,56.558,norway_residential
ASK_14966,NO_ASK,PRIVATE,AC,2019-09-22 18:18:00,2019-09-22 18:21:00,0.2,3.0,1.832,norway_residential
ASK_14967,NO_ASK,PRIVATE,AC,2019-09-22 18:21:00,2019-09-23 06:29:00,31.22,728.0,545.751,norway_residential
ASK_14968,NO_ASK,PRIVATE,AC,2019-09-22 18:39:00,2019-09-22 22:23:00,9.71,224.0,138.368,norway_residential
ASK_14971,NO_ASK,PRIVATE,AC,2019-09-22 19:20:00,2019-09-23 16:46:00,6.92,1286.0,1165.458,norway_residential
ASK_14977,NO_ASK,PRIVATE,AC,2019-09-22 20:42:00,2019-09-23 07:40:00,0.19,658.0,654.907,norway_residential
ASK_14980,NO_ASK,PRIVATE,AC,2019-09-22 21:30:00,2019-09-23 08:04:00,6.72,634.0,508.585,norway_residential
ASK_14989,NO_ASK,PRIVATE,AC,2019-09-23 00:16:00,2019-09-23 14:36:00,13.09,860.0,638.088,norway_residential
ASK_14996,NO_ASK,PRIVATE,AC,2019-09-23 12:27:00,2019-09-23 15:38:00,2.51,191.0,150.84,norway_residential
ASK_14998,NO_ASK,PRIVATE,AC,2019-09-23 14:42:00,2019-09-24 08:22:00,19.25,1060.0,947.627,norway_residential
ASK_15000,NO_ASK,PRIVATE,AC,2019-09-23 15:44:00,2019-09-23 18:22:00,9.18,158.0,6.937,norway_residential
ASK_15002,NO_ASK,PRIVATE,AC,2019-09-23 15:52:00,2019-09-23 17:23:00,5.36,91.0,3.744,norway_residential
ASK_15003,NO_ASK,PRIVATE,AC,2019-09-23 16:04:00,2019-09-24 08:52:00,33.51,1008.0,824.283,norway_residential
ASK_15005,NO_ASK,PRIVATE,AC,2019-09-23 17:22:00,2019-09-24 07:26:00,7.3,844.0,718.278,norway_residential
ASK_15006,NO_ASK,PRIVATE,AC,2019-09-23 17:36:00,2019-09-23 17:50:00,0.86,14.0,,norway_residential
ASK_15009,NO_ASK,PRIVATE,AC,2019-09-23 18:20:00,2019-09-23 20:38:00,7.43,138.0,17.047,norway_residential
ASK_15015,NO_ASK,PRIVATE,AC,2019-09-23 19:28:00,2019-09-23 20:23:00,3.13,55.0,4.92,norway_residential
ASK_15016,NO_ASK,PRIVATE,AC,2019-09-23 19:34:00,2019-09-24 06:28:00,17.14,654.0,502.844,norway_residential
ASK_15018,NO_ASK,PRIVATE,AC,2019-09-23 20:20:00,2019-09-24 09:17:00,15.09,777.0,639.45,norway_residential
ASK_15020,NO_ASK,PRIVATE,AC,2019-09-23 20:56:00,2019-09-24 08:14:00,5.15,678.0,595.6,norway_residential
ASK_15021,NO_ASK,PRIVATE,AC,2019-09-23 20:58:00,2019-09-24 07:53:00,7.53,655.0,514.468,norway_residential
ASK_15022,NO_ASK,PRIVATE,AC,2019-09-23 21:21:00,2019-09-24 06:23:00,5.69,542.0,449.372,norway_residential
ASK_15023,NO_ASK,PRIVATE,AC,2019-09-23 21:46:00,2019-09-24 09:47:00,11.15,721.0,531.977,norway_residential
ASK_15026,NO_ASK,PRIVATE,AC,2019-09-23 22:15:00,2019-09-24 08:10:00,19.48,595.0,433.701,norway_residential
ASK_15028,NO_ASK,PRIVATE,AC,2019-09-23 22:28:00,2019-09-24 08:45:00,30.95,617.0,366.537,norway_residential
ASK_15034,NO_ASK,PRIVATE,AC,2019-09-24 15:01:00,2019-09-25 12:02:00,12.91,1261.0,1156.526,norway_residential
ASK_15039,NO_ASK,PRIVATE,AC,2019-09-24 16:18:00,2019-09-24 17:16:00,3.27,58.0,5.68,norway_residential
ASK_15042,NO_ASK,PRIVATE,AC,2019-09-24 16:36:00,2019-09-24 18:26:00,6.39,110.0,5.977,norway_residential
ASK_15044,NO_ASK,PRIVATE,AC,2019-09-24 17:14:00,2019-09-24 22:43:00,3.01,329.0,304.076,norway_residential
ASK_15045,NO_ASK,PRIVATE,AC,2019-09-24 17:16:00,2019-09-24 19:18:00,4.31,122.0,47.772,norway_residential
ASK_15051,NO_ASK,PRIVATE,AC,2019-09-24 18:52:00,2019-09-25 06:27:00,2.89,695.0,647.953,norway_residential
ASK_15052,NO_ASK,PRIVATE,AC,2019-09-24 18:54:00,2019-09-24 19:58:00,3.67,64.0,0.071,norway_residential
ASK_15053,NO_ASK,PRIVATE,AC,2019-09-24 18:57:00,2019-09-25 08:06:00,36.69,789.0,587.747,norway_residential
ASK_15056,NO_ASK,PRIVATE,AC,2019-09-24 19:26:00,2019-09-24 21:37:00,5.3,131.0,41.15,norway_residential
ASK_15057,NO_ASK,PRIVATE,AC,2019-09-24 19:27:00,2019-09-25 08:46:00,4.11,799.0,733.24,norway_residential
ASK_15059,NO_ASK,PRIVATE,AC,2019-09-24 19:58:00,2019-09-25 06:33:00,8.98,635.0,555.806,norway_residential
ASK_15060,NO_ASK,PRIVATE,AC,2019-09-24 20:02:00,2019-09-25 13:15:00,6.44,1033.0,912.811,norway_residential
ASK_15061,NO_ASK,PRIVATE,AC,2019-09-24 20:22:00,2019-09-25 18:27:00,6.13,1325.0,1218.219,norway_residential
ASK_15062,NO_ASK,PRIVATE,AC,2019-09-24 20:22:00,2019-09-25 10:10:00,14.28,828.0,697.834,norway_residential
ASK_15063,NO_ASK,PRIVATE,AC,2019-09-24 20:32:00,2019-09-25 07:35:00,10.78,663.0,484.748,norway_residential
ASK_15070,NO_ASK,PRIVATE,AC,2019-09-24 21:57:00,2019-09-25 07:14:00,4.67,557.0,476.572,norway_residential
ASK_15081,NO_ASK,PRIVATE,AC,2019-09-25 09:40:00,2019-09-25 10:53:00,3.32,73.0,19.88,norway_residential
ASK_15084,NO_ASK,PRIVATE,AC,2019-09-25 11:51:00,2019-09-25 17:14:00,3.89,323.0,257.054,norway_residential
ASK_15086,NO_ASK,PRIVATE,AC,2019-09-25 12:58:00,2019-09-25 15:42:00,2.67,164.0,121.28,norway_residential
ASK_15089,NO_ASK,PRIVATE,AC,2019-09-25 14:43:00,2019-09-25 17:03:00,7.49,140.0,77.107,norway_residential
ASK_15090,NO_ASK,PRIVATE,AC,2019-09-25 15:29:00,2019-09-25 18:24:00,10.2,175.0,8.953,norway_residential
ASK_15094,NO_ASK,PRIVATE,AC,2019-09-25 16:36:00,2019-09-25 18:28:00,6.49,112.0,5.203,norway_residential
ASK_15097,NO_ASK,PRIVATE,AC,2019-09-25 17:17:00,2019-09-26 10:02:00,9.04,1005.0,931.844,norway_residential
ASK_15102,NO_ASK,PRIVATE,AC,2019-09-25 18:09:00,2019-09-25 20:41:00,5.9,152.0,51.979,norway_residential
ASK_15104,NO_ASK,PRIVATE,AC,2019-09-25 19:14:00,2019-09-26 08:40:00,5.83,806.0,712.72,norway_residential
ASK_15108,NO_ASK,PRIVATE,AC,2019-09-25 19:28:00,2019-09-26 17:39:00,29.99,1331.0,1166.581,norway_residential
ASK_15109,NO_ASK,PRIVATE,AC,2019-09-25 20:15:00,2019-09-26 07:49:00,4.07,694.0,618.042,norway_residential
ASK_15112,NO_ASK,PRIVATE,AC,2019-09-25 20:21:00,2019-09-26 06:39:00,5.34,618.0,531.07,norway_residential
ASK_15113,NO_ASK,PRIVATE,AC,2019-09-25 21:22:00,2019-09-26 09:17:00,5.93,715.0,614.47,norway_residential
ASK_15115,NO_ASK,PRIVATE,AC,2019-09-25 21:39:00,2019-09-26 06:58:00,15.75,559.0,420.102,norway_residential
ASK_15116,NO_ASK,PRIVATE,AC,2019-09-25 21:51:00,2019-09-26 06:26:00,14.15,515.0,282.152,norway_residential
ASK_15122,NO_ASK,PRIVATE,AC,2019-09-26 07:45:00,2019-09-26 07:59:00,0.81,14.0,0.05,norway_residential
ASK_15125,NO_ASK,PRIVATE,AC,2019-09-26 12:16:00,2019-09-26 13:26:00,2.67,70.0,27.28,norway_residential
ASK_15128,NO_ASK,PRIVATE,AC,2019-09-26 14:12:00,2019-09-27 08:15:00,9.75,1083.0,1001.13,norway_residential
ASK_15133,NO_ASK,PRIVATE,AC,2019-09-26 15:52:00,2019-09-27 08:04:00,12.32,972.0,759.822,norway_residential
ASK_15141,NO_ASK,PRIVATE,AC,2019-09-26 18:13:00,2019-09-26 22:56:00,7.54,283.0,151.658,norway_residential
ASK_15143,NO_ASK,PRIVATE,AC,2019-09-26 18:46:00,2019-09-27 08:32:00,5.79,826.0,733.36,norway_residential
ASK_15144,NO_ASK,PRIVATE,AC,2019-09-26 19:08:00,2019-09-27 06:54:00,6.27,706.0,603.93,norway_residential
ASK_15146,NO_ASK,PRIVATE,AC,2019-09-26 19:38:00,2019-09-27 07:25:00,17.84,707.0,549.671,norway_residential
ASK_15149,NO_ASK,PRIVATE,AC,2019-09-26 20:35:00,2019-09-27 06:28:00,6.5,593.0,486.038,norway_residential
ASK_15150,NO_ASK,PRIVATE,AC,2019-09-26 20:51:00,2019-09-27 16:54:00,6.36,1203.0,1095.18,norway_residential
ASK_15152,NO_ASK,PRIVATE,AC,2019-09-26 21:55:00,2019-09-27 08:31:00,12.61,636.0,521.056,norway_residential
ASK_15156,NO_ASK,PRIVATE,AC,2019-09-26 23:26:00,2019-09-27 08:11:00,4.34,525.0,489.064,norway_residential
ASK_15160,NO_ASK,PRIVATE,AC,2019-09-27 08:19:00,2019-09-27 12:46:00,44.8,267.0,21.262,norway_residential
ASK_15166,NO_ASK,PRIVATE,AC,2019-09-27 13:08:00,2019-09-27 14:50:00,12.33,102.0,2.22,norway_residential
ASK_15167,NO_ASK,PRIVATE,AC,2019-09-27 14:34:00,2019-09-28 11:16:00,13.99,1242.0,1010.669,norway_residential
ASK_15170,NO_ASK,PRIVATE,AC,2019-09-27 16:11:00,2019-09-28 12:46:00,69.62,1235.0,828.589,norway_residential
ASK_15171,NO_ASK,PRIVATE,AC,2019-09-27 16:23:00,2019-09-28 09:40:00,5.77,1037.0,944.68,norway_residential
ASK_15172,NO_ASK,PRIVATE,AC,2019-09-27 16:24:00,2019-09-28 09:06:00,3.22,1002.0,949.013,norway_residential
ASK_15174,NO_ASK,PRIVATE,AC,2019-09-27 16:46:00,2019-09-28 09:43:00,18.94,1017.0,846.202,norway_residential
ASK_15175,NO_ASK,PRIVATE,AC,2019-09-27 16:54:00,2019-09-27 18:52:00,4.05,118.0,48.25,norway_residential
ASK_15179,NO_ASK,PRIVATE,AC,2019-09-27 17:30:00,2019-09-28 07:34:00,14.36,844.0,725.096,norway_residential
ASK_15180,NO_ASK,PRIVATE,AC,2019-09-27 17:50:00,2019-09-27 21:21:00,8.61,211.0,141.324,norway_residential
ASK_15182,NO_ASK,PRIVATE,AC,2019-09-27 19:10:00,2019-09-30 08:24:00,4.1,3674.0,3603.389,norway_residential
ASK_15186,NO_ASK,PRIVATE,AC,2019-09-27 19:54:00,2019-09-28 07:33:00,7.48,699.0,568.703,norway_residential
ASK_15187,NO_ASK,PRIVATE,AC,2019-09-27 20:37:00,2019-09-28 12:07:00,32.85,930.0,749.901,norway_residential
ASK_15188,NO_ASK,PRIVATE,AC,2019-09-27 20:58:00,2019-09-28 11:26:00,12.65,868.0,662.07,norway_residential
ASK_15191,NO_ASK,PRIVATE,AC,2019-09-27 21:37:00,2019-09-28 09:43:00,21.09,726.0,555.329,norway_residential
ASK_15192,NO_ASK,PRIVATE,AC,2019-09-27 21:39:00,2019-09-28 15:35:00,2.76,1076.0,1029.21,norway_residential
ASK_15194,NO_ASK,PRIVATE,AC,2019-09-27 22:28:00,2019-09-28 15:43:00,6.89,1035.0,906.412,norway_residential
ASK_15206,NO_ASK,PRIVATE,AC,2019-09-28 12:03:00,2019-09-28 13:44:00,15.75,101.0,14.608,norway_residential
ASK_15207,NO_ASK,PRIVATE,AC,2019-09-28 12:12:00,2019-09-28 14:18:00,2.44,126.0,86.96,norway_residential
ASK_15209,NO_ASK,PRIVATE,AC,2019-09-28 13:47:00,2019-09-29 09:50:00,7.69,1203.0,1069.045,norway_residential
ASK_15211,NO_ASK,PRIVATE,AC,2019-09-28 15:13:00,2019-09-28 18:32:00,10.55,199.0,27.256,norway_residential
ASK_15212,NO_ASK,PRIVATE,AC,2019-09-28 15:26:00,2019-09-28 18:42:00,13.18,196.0,75.861,norway_residential
ASK_15213,NO_ASK,PRIVATE,AC,2019-09-28 15:40:00,2019-09-28 16:19:00,1.92,39.0,8.28,norway_residential
ASK_15216,NO_ASK,PRIVATE,AC,2019-09-28 16:36:00,2019-09-28 19:20:00,10.91,164.0,75.711,norway_residential
ASK_15218,NO_ASK,PRIVATE,AC,2019-09-28 16:47:00,2019-09-28 18:48:00,6.21,121.0,18.81,norway_residential
ASK_15221,NO_ASK,PRIVATE,AC,2019-09-28 17:28:00,2019-09-29 09:45:00,3.03,977.0,928.52,norway_residential
ASK_15222,NO_ASK,PRIVATE,AC,2019-09-28 17:34:00,2019-09-29 18:11:00,8.28,1477.0,1322.471,norway_residential
ASK_15226,NO_ASK,PRIVATE,AC,2019-09-28 19:00:00,2019-09-29 10:00:00,0.81,900.0,886.814,norway_residential
ASK_15237,NO_ASK,PRIVATE,AC,2019-09-28 23:58:00,2019-09-29 11:04:00,18.54,666.0,360.911,norway_residential
ASK_15238,NO_ASK,PRIVATE,AC,2019-09-29 03:22:00,2019-09-29 13:24:00,11.21,602.0,509.178,norway_residential
ASK_15242,NO_ASK,PRIVATE,AC,2019-09-29 11:17:00,2019-09-29 12:28:00,3.92,71.0,38.084,norway_residential
ASK_15244,NO_ASK,PRIVATE,AC,2019-09-29 12:38:00,2019-09-29 15:17:00,1.6,159.0,133.4,norway_residential
ASK_15245,NO_ASK,PRIVATE,AC,2019-09-29 12:41:00,2019-09-29 17:35:00,12.16,294.0,184.343,norway_residential
ASK_15249,NO_ASK,PRIVATE,AC,2019-09-29 15:24:00,2019-09-30 06:07:00,12.29,883.0,680.76,norway_residential
ASK_15254,NO_ASK,PRIVATE,AC,2019-09-29 17:31:00,2019-09-30 11:51:00,4.48,1100.0,1024.051,norway_residential
ASK_15256,NO_ASK,PRIVATE,AC,2019-09-29 17:56:00,2019-09-30 09:30:00,11.54,934.0,746.14,norway_residential
ASK_15257,NO_ASK,PRIVATE,AC,2019-09-29 18:03:00,2019-09-29 19:43:00,4.72,100.0,24.48,norway_residential
ASK_15258,NO_ASK,PRIVATE,AC,2019-09-29 18:17:00,2019-09-30 08:44:00,2.76,867.0,821.362,norway_residential
ASK_15259,NO_ASK,PRIVATE,AC,2019-09-29 18:27:00,2019-09-30 08:21:00,7.47,834.0,703.877,norway_residential
ASK_15262,NO_ASK,PRIVATE,AC,2019-09-29 19:04:00,2019-09-30 06:32:00,48.47,688.0,405.053,norway_residential
ASK_15265,NO_ASK,PRIVATE,AC,2019-09-29 19:53:00,2019-09-29 22:19:00,13.89,146.0,30.987,norway_residential
ASK_15268,NO_ASK,PRIVATE,AC,2019-09-29 21:12:00,2019-09-30 12:09:00,7.61,897.0,754.975,norway_residential
ASK_15270,NO_ASK,PRIVATE,AC,2019-09-29 22:27:00,2019-09-30 08:39:00,5.85,612.0,518.4,norway_residential
ASK_15273,NO_ASK,PRIVATE,AC,2019-09-30 06:34:00,2019-09-30 12:39:00,19.7,365.0,250.0,norway_residential
ASK_15274,NO_ASK,PRIVATE,AC,2019-09-30 09:02:00,2019-09-30 11:20:00,6.91,138.0,82.081,norway_residential
ASK_15276,NO_ASK,PRIVATE,AC,2019-09-30 11:59:00,2019-09-30 16:24:00,2.68,265.0,222.12,norway_residential
ASK_15277,NO_ASK,PRIVATE,AC,2019-09-30 13:55:00,2019-09-30 14:47:00,6.22,52.0,1.665,norway_residential
ASK_15286,NO_ASK,PRIVATE,AC,2019-09-30 17:13:00,2019-10-01 07:34:00,25.22,861.0,633.57,norway_residential
ASK_15287,NO_ASK,PRIVATE,AC,2019-09-30 17:21:00,2019-10-01 09:15:00,29.24,954.0,793.693,norway_residential
ASK_15288,NO_ASK,PRIVATE,AC,2019-09-30 17:22:00,2019-10-01 08:51:00,2.6,929.0,887.4,norway_residential
ASK_15289,NO_ASK,PRIVATE,AC,2019-09-30 17:27:00,2019-10-01 07:27:00,4.34,840.0,765.256,norway_residential
ASK_15290,NO_ASK,PRIVATE,AC,2019-09-30 17:35:00,2019-10-01 08:51:00,9.08,916.0,768.186,norway_residential
ASK_15292,NO_ASK,PRIVATE,AC,2019-09-30 17:47:00,2019-10-01 10:34:00,6.37,1007.0,888.117,norway_residential
ASK_15294,NO_ASK,PRIVATE,AC,2019-09-30 18:19:00,2019-10-01 08:21:00,7.6,842.0,709.613,norway_residential
ASK_15296,NO_ASK,PRIVATE,AC,2019-09-30 19:04:00,2019-10-01 07:46:00,23.34,762.0,573.121,norway_residential
ASK_15297,NO_ASK,PRIVATE,AC,2019-09-30 19:29:00,2019-09-30 22:36:00,3.3,187.0,131.056,norway_residential
ASK_15298,NO_ASK,PRIVATE,AC,2019-09-30 19:38:00,2019-10-01 06:10:00,9.3,632.0,478.962,norway_residential
ASK_15299,NO_ASK,PRIVATE,AC,2019-09-30 20:00:00,2019-10-01 12:40:00,9.6,1000.0,912.493,norway_residential
ASK_15300,NO_ASK,PRIVATE,AC,2019-09-30 21:15:00,2019-10-01 09:41:00,11.75,746.0,551.708,norway_residential
ASK_15308,NO_ASK,PRIVATE,AC,2019-10-01 00:44:00,2019-10-01 08:02:00,29.77,438.0,191.497,norway_residential
ASK_15311,NO_ASK,PRIVATE,AC,2019-10-01 09:48:00,2019-10-01 10:34:00,2.19,46.0,10.96,norway_residential
ASK_15312,NO_ASK,PRIVATE,AC,2019-10-01 12:07:00,2019-10-01 16:12:00,2.71,245.0,201.64,norway_residential
ASK_15319,NO_ASK,PRIVATE,AC,2019-10-01 16:05:00,2019-10-01 19:29:00,7.04,204.0,84.652,norway_residential
ASK_15321,NO_ASK,PRIVATE,AC,2019-10-01 16:29:00,2019-10-02 00:01:00,8.36,452.0,315.907,norway_residential
ASK_15322,NO_ASK,PRIVATE,AC,2019-10-01 16:39:00,2019-10-02 11:20:00,6.93,1121.0,1000.284,norway_residential
ASK_15328,NO_ASK,PRIVATE,AC,2019-10-01 18:45:00,2019-10-02 14:12:00,4.58,1167.0,1093.72,norway_residential
ASK_15329,NO_ASK,PRIVATE,AC,2019-10-01 19:04:00,2019-10-02 08:05:00,12.81,781.0,570.203,norway_residential
ASK_15335,NO_ASK,PRIVATE,AC,2019-10-01 20:37:00,2019-10-02 08:34:00,1.93,717.0,684.281,norway_residential
ASK_15336,NO_ASK,PRIVATE,AC,2019-10-01 20:38:00,2019-10-02 09:51:00,12.62,793.0,584.323,norway_residential
ASK_15344,NO_ASK,PRIVATE,AC,2019-10-02 00:01:00,2019-10-06 11:14:00,0.11,6433.0,6431.211,norway_residential
ASK_15349,NO_ASK,PRIVATE,AC,2019-10-02 10:39:00,2019-10-02 20:34:00,6.31,595.0,488.028,norway_residential
ASK_15351,NO_ASK,PRIVATE,AC,2019-10-02 12:24:00,2019-10-02 16:03:00,3.14,219.0,164.303,norway_residential
ASK_15354,NO_ASK,PRIVATE,AC,2019-10-02 14:00:00,2019-10-03 06:39:00,7.17,999.0,874.54,norway_residential
ASK_15359,NO_ASK,PRIVATE,AC,2019-10-02 16:11:00,2019-10-06 13:44:00,6.6,5613.0,5499.333,norway_residential
ASK_15360,NO_ASK,PRIVATE,AC,2019-10-02 16:31:00,2019-10-03 08:33:00,17.18,962.0,861.71,norway_residential
ASK_15365,NO_ASK,PRIVATE,AC,2019-10-02 18:29:00,2019-10-03 10:36:00,10.0,967.0,883.031,norway_residential
ASK_15368,NO_ASK,PRIVATE,AC,2019-10-02 18:56:00,2019-10-03 09:22:00,2.57,866.0,824.88,norway_residential
ASK_15369,NO_ASK,PRIVATE,AC,2019-10-02 18:57:00,2019-10-02 19:52:00,6.25,55.0,3.248,norway_residential
ASK_15376,NO_ASK,PRIVATE,AC,2019-10-02 20:46:00,2019-10-03 08:04:00,13.39,678.0,456.591,norway_residential
ASK_15382,NO_ASK,PRIVATE,AC,2019-10-02 22:11:00,2019-10-03 11:39:00,5.34,808.0,708.34,norway_residential
ASK_15386,NO_ASK,PRIVATE,AC,2019-10-03 00:06:00,2019-10-03 08:50:00,14.39,524.0,280.049,norway_residential
ASK_15389,NO_ASK,PRIVATE,AC,2019-10-03 09:46:00,2019-10-03 11:24:00,1.55,98.0,73.2,norway_residential
ASK_15390,NO_ASK,PRIVATE,AC,2019-10-03 10:11:00,2019-10-03 17:35:00,1.74,444.0,414.502,norway_residential
ASK_15393,NO_ASK,PRIVATE,AC,2019-10-03 13:13:00,2019-10-03 21:40:00,21.16,507.0,329.321,norway_residential
ASK_15394,NO_ASK,PRIVATE,AC,2019-10-03 14:05:00,2019-10-03 15:58:00,9.92,113.0,22.576,norway_residential
ASK_15399,NO_ASK,PRIVATE,AC,2019-10-03 16:47:00,2019-10-04 06:48:00,6.22,841.0,733.03,norway_residential
ASK_15403,NO_ASK,PRIVATE,AC,2019-10-03 17:58:00,2019-10-03 18:56:00,1.83,58.0,26.976,norway_residential
ASK_15404,NO_ASK,PRIVATE,AC,2019-10-03 18:07:00,2019-10-04 12:54:00,40.81,1127.0,903.147,norway_residential
ASK_15413,NO_ASK,PRIVATE,AC,2019-10-03 20:50:00,2019-10-04 10:32:00,11.5,822.0,627.043,norway_residential
ASK_15415,NO_ASK,PRIVATE,AC,2019-10-03 21:54:00,2019-10-06 11:40:00,9.71,3706.0,3624.466,norway_residential
ASK_15417,NO_ASK,PRIVATE,AC,2019-10-03 22:11:00,2019-10-04 06:46:00,49.48,515.0,226.157,norway_residential
ASK_15422,NO_ASK,PRIVATE,AC,2019-10-04 11:13:00,2019-10-04 23:00:00,6.88,707.0,590.365,norway_residential
ASK_15423,NO_ASK,PRIVATE,AC,2019-10-04 11:28:00,2019-10-04 13:36:00,22.88,128.0,2.561,norway_residential
ASK_15427,NO_ASK,PRIVATE,AC,2019-10-04 15:41:00,2019-10-05 18:38:00,7.51,1617.0,1486.638,norway_residential
ASK_15429,NO_ASK,PRIVATE,AC,2019-10-04 16:07:00,2019-10-04 18:44:00,1.49,157.0,148.831,norway_residential
ASK_15430,NO_ASK,PRIVATE,AC,2019-10-04 16:16:00,2019-10-05 11:02:00,15.71,1126.0,984.33,norway_residential
ASK_15433,NO_ASK,PRIVATE,AC,2019-10-04 18:44:00,2019-10-05 10:53:00,23.63,969.0,839.45,norway_residential
ASK_15434,NO_ASK,PRIVATE,AC,2019-10-04 20:05:00,2019-10-05 09:39:00,3.49,814.0,785.757,norway_residential
ASK_15436,NO_ASK,PRIVATE,AC,2019-10-04 20:31:00,2019-10-05 18:41:00,3.23,1330.0,1269.719,norway_residential
ASK_15440,NO_ASK,PRIVATE,AC,2019-10-04 23:16:00,2019-10-05 10:35:00,0.33,679.0,673.406,norway_residential
ASK_15444,NO_ASK,PRIVATE,AC,2019-10-05 10:54:00,2019-10-05 11:23:00,4.59,29.0,3.836,norway_residential
ASK_15445,NO_ASK,PRIVATE,AC,2019-10-05 11:31:00,2019-10-05 14:37:00,5.9,186.0,91.6,norway_residential
ASK_15449,NO_ASK,PRIVATE,AC,2019-10-05 14:11:00,2019-10-06 11:18:00,8.48,1267.0,1127.456,norway_residential
ASK_15450,NO_ASK,PRIVATE,AC,2019-10-05 14:15:00,2019-10-05 14:33:00,3.02,18.0,0.371,norway_residential
ASK_15451,NO_ASK,PRIVATE,AC,2019-10-05 14:43:00,2019-10-06 13:15:00,17.34,1352.0,1193.941,norway_residential
ASK_15452,NO_ASK,PRIVATE,AC,2019-10-05 15:14:00,2019-10-06 14:58:00,1.16,1424.0,1405.44,norway_residential
ASK_15453,NO_ASK,PRIVATE,AC,2019-10-05 15:32:00,2019-10-05 17:58:00,8.28,146.0,5.631,norway_residential
ASK_15459,NO_ASK,PRIVATE,AC,2019-10-05 17:29:00,2019-10-05 20:20:00,20.2,171.0,7.532,norway_residential
ASK_15463,NO_ASK,PRIVATE,AC,2019-10-05 18:40:00,2019-10-06 09:50:00,4.18,910.0,839.138,norway_residential
ASK_15466,NO_ASK,PRIVATE,AC,2019-10-05 19:23:00,2019-10-06 15:39:00,2.9,1216.0,1165.661,norway_residential
ASK_15469,NO_ASK,PRIVATE,AC,2019-10-05 20:54:00,2019-10-06 18:02:00,15.72,1268.0,1002.725,norway_residential
ASK_15470,NO_ASK,PRIVATE,AC,2019-10-05 20:56:00,2019-10-06 11:42:00,32.92,886.0,705.518,norway_residential
ASK_15473,NO_ASK,PRIVATE,AC,2019-10-05 21:43:00,2019-10-06 07:10:00,19.67,567.0,407.821,norway_residential
ASK_15481,NO_ASK,PRIVATE,AC,2019-10-06 09:27:00,2019-10-06 10:34:00,3.07,67.0,9.705,norway_residential
ASK_15482,NO_ASK,PRIVATE,AC,2019-10-06 09:36:00,2019-10-06 16:59:00,31.32,443.0,189.543,norway_residential
ASK_15484,NO_ASK,PRIVATE,AC,2019-10-06 11:54:00,2019-10-06 17:57:00,13.7,363.0,247.962,norway_residential
ASK_15485,NO_ASK,PRIVATE,AC,2019-10-06 13:36:00,2019-10-06 14:13:00,2.12,37.0,1.06,norway_residential
ASK_15487,NO_ASK,PRIVATE,AC,2019-10-06 14:41:00,2019-10-06 22:26:00,11.85,465.0,264.109,norway_residential
ASK_15489,NO_ASK,PRIVATE,AC,2019-10-06 15:26:00,2019-10-06 20:00:00,15.78,274.0,181.883,norway_residential
ASK_15492,NO_ASK,PRIVATE,AC,2019-10-06 17:32:00,2019-10-07 07:03:00,30.17,811.0,561.185,norway_residential
ASK_15495,NO_ASK,PRIVATE,AC,2019-10-06 17:59:00,2019-10-06 20:00:00,7.06,121.0,4.823,norway_residential
ASK_15498,NO_ASK,PRIVATE,AC,2019-10-06 18:23:00,2019-10-06 19:02:00,1.92,39.0,8.28,norway_residential
ASK_15500,NO_ASK,PRIVATE,AC,2019-10-06 18:57:00,2019-10-07 07:39:00,44.27,762.0,519.169,norway_residential
ASK_15501,NO_ASK,PRIVATE,AC,2019-10-06 19:04:00,2019-10-07 19:16:00,7.51,1452.0,1321.181,norway_residential
ASK_15505,NO_ASK,PRIVATE,AC,2019-10-06 19:45:00,2019-10-06 21:46:00,3.1,121.0,63.145,norway_residential
ASK_15506,NO_ASK,PRIVATE,AC,2019-10-06 20:13:00,2019-10-07 06:37:00,43.56,624.0,369.716,norway_residential
ASK_15508,NO_ASK,PRIVATE,AC,2019-10-06 20:37:00,2019-10-07 08:48:00,5.26,731.0,646.84,norway_residential
ASK_15512,NO_ASK,PRIVATE,AC,2019-10-06 21:13:00,2019-10-07 06:33:00,1.71,560.0,532.163,norway_residential
ASK_15513,NO_ASK,PRIVATE,AC,2019-10-06 21:37:00,2019-10-07 07:01:00,12.54,564.0,357.646,norway_residential
ASK_15516,NO_ASK,PRIVATE,AC,2019-10-06 22:33:00,2019-10-07 08:55:00,4.77,622.0,532.978,norway_residential
ASK_15518,NO_ASK,PRIVATE,AC,2019-10-06 22:50:00,2019-10-07 16:43:00,1.87,1073.0,1041.298,norway_residential
ASK_15523,NO_ASK,PRIVATE,AC,2019-10-07 12:14:00,2019-10-07 15:37:00,2.29,203.0,166.36,norway_residential
ASK_15525,NO_ASK,PRIVATE,AC,2019-10-07 13:59:00,2019-10-07 16:21:00,15.3,142.0,18.185,norway_residential
ASK_15528,NO_ASK,PRIVATE,AC,2019-10-07 15:22:00,2019-10-08 06:48:00,4.4,926.0,849.622,norway_residential
ASK_15529,NO_ASK,PRIVATE,AC,2019-10-07 15:23:00,2019-10-07 15:54:00,1.84,31.0,1.047,norway_residential
ASK_15536,NO_ASK,PRIVATE,AC,2019-10-07 16:57:00,2019-10-07 17:44:00,2.74,47.0,2.395,norway_residential
ASK_15539,NO_ASK,PRIVATE,AC,2019-10-07 18:29:00,2019-10-08 07:33:00,10.2,784.0,615.339,norway_residential
ASK_15540,NO_ASK,PRIVATE,AC,2019-10-07 18:43:00,2019-10-08 07:57:00,5.37,794.0,705.633,norway_residential
ASK_15543,NO_ASK,PRIVATE,AC,2019-10-07 19:36:00,2019-10-08 08:11:00,4.97,755.0,662.245,norway_residential
ASK_15544,NO_ASK,PRIVATE,AC,2019-10-07 20:08:00,2019-10-08 18:40:00,3.56,1352.0,1289.987,norway_residential
ASK_15545,NO_ASK,PRIVATE,AC,2019-10-07 20:32:00,2019-10-08 06:53:00,8.83,621.0,543.129,norway_residential
ASK_15548,NO_ASK,PRIVATE,AC,2019-10-07 20:56:00,2019-10-08 08:30:00,5.98,694.0,598.32,norway_residential
ASK_15549,NO_ASK,PRIVATE,AC,2019-10-07 20:59:00,2019-10-08 09:14:00,10.4,735.0,558.691,norway_residential
ASK_15553,NO_ASK,PRIVATE,AC,2019-10-07 22:22:00,2019-10-08 06:29:00,10.58,487.0,314.767,norway_residential
ASK_15558,NO_ASK,PRIVATE,AC,2019-10-08 09:38:00,2019-10-09 07:42:00,33.84,1324.0,1138.474,norway_residential
ASK_15559,NO_ASK,PRIVATE,AC,2019-10-08 11:07:00,2019-10-08 15:43:00,8.6,276.0,206.405,norway_residential
ASK_15562,NO_ASK,PRIVATE,AC,2019-10-08 12:33:00,2019-10-08 13:20:00,2.64,47.0,4.76,norway_residential
ASK_15563,NO_ASK,PRIVATE,AC,2019-10-08 13:04:00,2019-10-08 14:27:00,4.72,83.0,2.983,norway_residential
ASK_15566,NO_ASK,PRIVATE,AC,2019-10-08 15:31:00,2019-10-09 10:45:00,6.38,1154.0,1045.841,norway_residential
ASK_15569,NO_ASK,PRIVATE,AC,2019-10-08 15:57:00,2019-10-08 16:18:00,0.94,21.0,5.96,norway_residential
ASK_15570,NO_ASK,PRIVATE,AC,2019-10-08 16:15:00,2019-10-08 18:00:00,11.19,105.0,3.0,norway_residential
ASK_15572,NO_ASK,PRIVATE,AC,2019-10-08 16:34:00,2019-10-09 08:13:00,9.82,939.0,769.878,norway_residential
ASK_15579,NO_ASK,PRIVATE,AC,2019-10-08 18:17:00,2019-10-08 21:19:00,7.2,182.0,118.504,norway_residential
ASK_15582,NO_ASK,PRIVATE,AC,2019-10-08 18:43:00,2019-10-09 08:42:00,5.54,839.0,750.36,norway_residential
ASK_15583,NO_ASK,PRIVATE,AC,2019-10-08 18:50:00,2019-10-09 09:15:00,6.52,865.0,743.318,norway_residential
ASK_15585,NO_ASK,PRIVATE,AC,2019-10-08 19:19:00,2019-10-09 07:56:00,8.93,757.0,683.058,norway_residential
ASK_15587,NO_ASK,PRIVATE,AC,2019-10-08 19:54:00,2019-10-08 20:03:00,0.48,9.0,1.186,norway_residential
ASK_15589,NO_ASK,PRIVATE,AC,2019-10-08 20:27:00,2019-10-09 06:37:00,7.28,610.0,491.489,norway_residential
ASK_15595,NO_ASK,PRIVATE,AC,2019-10-08 21:38:00,2019-10-09 07:39:00,1.77,601.0,585.391,norway_residential
ASK_15607,NO_ASK,PRIVATE,AC,2019-10-09 08:57:00,2019-10-09 11:52:00,12.78,175.0,67.687,norway_residential
ASK_15613,NO_ASK,PRIVATE,AC,2019-10-09 11:46:00,2019-10-09 15:15:00,10.05,209.0,127.671,norway_residential
ASK_15615,NO_ASK,PRIVATE,AC,2019-10-09 12:58:00,2019-10-09 15:25:00,5.76,147.0,54.84,norway_residential
ASK_15617,NO_ASK,PRIVATE,AC,2019-10-09 14:33:00,2019-10-10 06:43:00,5.8,970.0,869.321,norway_residential
ASK_15618,NO_ASK,PRIVATE,AC,2019-10-09 14:34:00,2019-10-09 17:21:00,3.77,167.0,103.088,norway_residential
ASK_15619,NO_ASK,PRIVATE,AC,2019-10-09 14:35:00,2019-10-09 17:44:00,10.51,189.0,100.748,norway_residential
ASK_15627,NO_ASK,PRIVATE,AC,2019-10-09 15:43:00,2019-10-09 16:06:00,1.06,23.0,6.04,norway_residential
ASK_15629,NO_ASK,PRIVATE,AC,2019-10-09 16:09:00,2019-10-10 09:31:00,6.02,1042.0,929.649,norway_residential
ASK_15630,NO_ASK,PRIVATE,AC,2019-10-09 16:13:00,2019-10-09 18:05:00,5.58,112.0,21.163,norway_residential
ASK_15631,NO_ASK,PRIVATE,AC,2019-10-09 16:16:00,2019-10-10 06:24:00,7.49,848.0,724.747,norway_residential
ASK_15633,NO_ASK,PRIVATE,AC,2019-10-09 16:32:00,2019-10-10 08:14:00,17.47,942.0,840.018,norway_residential
ASK_15635,NO_ASK,PRIVATE,AC,2019-10-09 16:35:00,2019-10-10 08:22:00,21.17,947.0,830.936,norway_residential
ASK_15638,NO_ASK,PRIVATE,AC,2019-10-09 16:56:00,2019-10-09 17:44:00,1.58,48.0,22.72,norway_residential
ASK_15646,NO_ASK,PRIVATE,AC,2019-10-09 19:15:00,2019-10-09 19:45:00,1.72,30.0,2.48,norway_residential
ASK_15647,NO_ASK,PRIVATE,AC,2019-10-09 19:37:00,2019-10-10 18:40:00,6.88,1383.0,1263.155,norway_residential
ASK_15648,NO_ASK,PRIVATE,AC,2019-10-09 19:53:00,2019-10-09 19:59:00,0.38,6.0,3.916,norway_residential
ASK_15649,NO_ASK,PRIVATE,AC,2019-10-09 20:00:00,2019-10-10 09:55:00,34.74,835.0,644.443,norway_residential
ASK_15651,NO_ASK,PRIVATE,AC,2019-10-09 20:19:00,2019-10-10 09:07:00,9.07,768.0,688.013,norway_residential
ASK_15652,NO_ASK,PRIVATE,AC,2019-10-09 20:41:00,2019-10-10 07:32:00,12.55,651.0,443.48,norway_residential
ASK_15653,NO_ASK,PRIVATE,AC,2019-10-09 20:47:00,2019-10-10 08:53:00,5.83,726.0,632.72,norway_residential
ASK_15655,NO_ASK,PRIVATE,AC,2019-10-09 21:11:00,2019-10-10 08:49:00,14.91,698.0,455.279,norway_residential
ASK_15658,NO_ASK,PRIVATE,AC,2019-10-09 21:28:00,2019-10-10 08:28:00,9.73,660.0,578.298,norway_residential
ASK_15659,NO_ASK,PRIVATE,AC,2019-10-09 21:31:00,2019-10-10 07:07:00,12.91,576.0,357.14,norway_residential
ASK_15662,NO_ASK,PRIVATE,AC,2019-10-09 22:06:00,2019-10-10 10:38:00,11.21,752.0,649.817,norway_residential
ASK_15667,NO_ASK,PRIVATE,AC,2019-10-09 23:02:00,2019-10-10 07:18:00,6.41,496.0,442.924,norway_residential
ASK_15674,NO_ASK,PRIVATE,AC,2019-10-10 10:52:00,2019-10-11 08:20:00,6.07,1288.0,1183.461,norway_residential
ASK_15676,NO_ASK,PRIVATE,AC,2019-10-10 12:16:00,2019-10-10 12:31:00,0.82,15.0,1.88,norway_residential
ASK_15679,NO_ASK,PRIVATE,AC,2019-10-10 14:33:00,2019-10-10 15:16:00,2.43,43.0,4.12,norway_residential
ASK_15680,NO_ASK,PRIVATE,AC,2019-10-10 14:34:00,2019-10-11 06:51:00,8.03,977.0,837.611,norway_residential
ASK_15681,NO_ASK,PRIVATE,AC,2019-10-10 14:39:00,2019-10-11 09:20:00,11.05,1121.0,1031.578,norway_residential
ASK_15686,NO_ASK,PRIVATE,AC,2019-10-10 16:09:00,2019-10-10 16:42:00,1.86,33.0,3.24,norway_residential
ASK_15695,NO_ASK,PRIVATE,AC,2019-10-10 17:07:00,2019-10-10 17:24:00,0.96,17.0,0.725,norway_residential
ASK_15702,NO_ASK,PRIVATE,AC,2019-10-10 18:31:00,2019-10-11 06:56:00,7.66,745.0,677.447,norway_residential
ASK_15703,NO_ASK,PRIVATE,AC,2019-10-10 18:35:00,2019-10-11 08:05:00,4.45,810.0,726.95,norway_residential
ASK_15705,NO_ASK,PRIVATE,AC,2019-10-10 18:55:00,2019-10-11 10:55:00,1.47,960.0,934.394,norway_residential
ASK_15706,NO_ASK,PRIVATE,AC,2019-10-10 19:08:00,2019-10-11 07:32:00,9.58,744.0,585.591,norway_residential
ASK_15707,NO_ASK,PRIVATE,AC,2019-10-10 19:27:00,2019-10-11 08:50:00,5.91,803.0,708.44,norway_residential
ASK_15710,NO_ASK,PRIVATE,AC,2019-10-10 19:37:00,2019-10-11 07:55:00,42.0,738.0,492.822,norway_residential
ASK_15713,NO_ASK,PRIVATE,AC,2019-10-10 20:48:00,2019-10-11 11:07:00,9.61,859.0,696.084,norway_residential
ASK_15714,NO_ASK,PRIVATE,AC,2019-10-10 21:05:00,2019-10-11 09:05:00,16.87,720.0,566.225,norway_residential
ASK_15718,NO_ASK,PRIVATE,AC,2019-10-10 22:17:00,2019-10-11 06:25:00,14.52,488.0,249.063,norway_residential
ASK_15722,NO_ASK,PRIVATE,AC,2019-10-10 23:09:00,2019-10-11 06:20:00,8.33,431.0,295.395,norway_residential
ASK_15723,NO_ASK,PRIVATE,AC,2019-10-11 00:01:00,2019-10-11 07:18:00,19.46,437.0,275.866,norway_residential
ASK_15727,NO_ASK,PRIVATE,AC,2019-10-11 10:44:00,2019-10-11 14:41:00,5.65,237.0,191.277,norway_residential
ASK_15731,NO_ASK,PRIVATE,AC,2019-10-11 13:46:00,2019-10-11 14:18:00,1.62,32.0,6.08,norway_residential
ASK_15732,NO_ASK,PRIVATE,AC,2019-10-11 14:23:00,2019-10-11 16:18:00,6.55,115.0,0.903,norway_residential
ASK_15735,NO_ASK,PRIVATE,AC,2019-10-11 15:04:00,2019-10-11 15:52:00,2.73,48.0,1.719,norway_residential
ASK_15736,NO_ASK,PRIVATE,AC,2019-10-11 15:05:00,2019-10-11 15:14:00,0.49,9.0,4.885,norway_residential
ASK_15738,NO_ASK,PRIVATE,AC,2019-10-11 15:28:00,2019-10-12 09:03:00,9.97,1055.0,971.282,norway_residential
ASK_15741,NO_ASK,PRIVATE,AC,2019-10-11 15:48:00,2019-10-12 10:56:00,5.84,1148.0,1054.56,norway_residential
ASK_15743,NO_ASK,PRIVATE,AC,2019-10-11 15:57:00,2019-10-12 17:49:00,4.95,1552.0,1459.619,norway_residential
ASK_15744,NO_ASK,PRIVATE,AC,2019-10-11 16:19:00,2019-10-11 18:50:00,2.89,151.0,103.443,norway_residential
ASK_15748,NO_ASK,PRIVATE,AC,2019-10-11 17:13:00,2019-10-11 22:23:00,6.59,310.0,251.883,norway_residential
ASK_15750,NO_ASK,PRIVATE,AC,2019-10-11 18:14:00,2019-10-12 09:41:00,22.89,927.0,741.763,norway_residential
ASK_15754,NO_ASK,PRIVATE,AC,2019-10-11 19:24:00,2019-10-12 09:50:00,9.16,866.0,710.712,norway_residential
ASK_15758,NO_ASK,PRIVATE,AC,2019-10-11 20:50:00,2019-10-12 12:07:00,7.4,917.0,796.535,norway_residential
ASK_15771,NO_ASK,PRIVATE,AC,2019-10-12 09:06:00,2019-10-12 10:23:00,9.17,77.0,,norway_residential
ASK_15773,NO_ASK,PRIVATE,AC,2019-10-12 10:30:00,2019-10-12 11:06:00,0.06,36.0,34.983,norway_residential
ASK_15774,NO_ASK,PRIVATE,AC,2019-10-12 10:37:00,2019-10-12 12:41:00,1.39,124.0,101.127,norway_residential
ASK_15775,NO_ASK,PRIVATE,AC,2019-10-12 11:10:00,2019-10-12 12:09:00,6.93,59.0,0.809,norway_residential
ASK_15777,NO_ASK,PRIVATE,AC,2019-10-12 11:22:00,2019-10-12 17:12:00,50.0,350.0,75.877,norway_residential
ASK_15778,NO_ASK,PRIVATE,AC,2019-10-12 12:15:00,2019-10-12 14:04:00,11.61,109.0,4.303,norway_residential
ASK_15779,NO_ASK,PRIVATE,AC,2019-10-12 12:30:00,2019-10-14 07:36:00,11.87,2586.0,2389.724,norway_residential
ASK_15782,NO_ASK,PRIVATE,AC,2019-10-12 13:11:00,2019-10-12 16:56:00,7.27,225.0,160.887,norway_residential
ASK_15787,NO_ASK,PRIVATE,AC,2019-10-12 16:04:00,2019-10-12 16:50:00,5.13,46.0,2.924,norway_residential
ASK_15789,NO_ASK,PRIVATE,AC,2019-10-12 16:22:00,2019-10-14 08:12:00,10.02,2390.0,2331.503,norway_residential
ASK_15793,NO_ASK,PRIVATE,AC,2019-10-12 17:09:00,2019-10-13 13:09:00,6.73,1200.0,1145.538,norway_residential
ASK_15795,NO_ASK,PRIVATE,AC,2019-10-12 17:11:00,2019-10-12 18:08:00,3.27,57.0,1.564,norway_residential
ASK_15797,NO_ASK,PRIVATE,AC,2019-10-12 17:29:00,2019-10-13 16:38:00,5.86,1389.0,1293.605,norway_residential
ASK_15798,NO_ASK,PRIVATE,AC,2019-10-12 17:33:00,2019-10-13 11:27:00,13.97,1074.0,948.021,norway_residential
ASK_15799,NO_ASK,PRIVATE,AC,2019-10-12 18:14:00,2019-10-13 18:35:00,22.48,1461.0,1081.65,norway_residential
ASK_15800,NO_ASK,PRIVATE,AC,2019-10-12 18:18:00,2019-10-13 09:55:00,5.98,937.0,841.32,norway_residential
ASK_15801,NO_ASK,PRIVATE,AC,2019-10-12 18:20:00,2019-10-13 08:21:00,9.68,841.0,755.633,norway_residential
ASK_15811,NO_ASK,PRIVATE,AC,2019-10-12 20:09:00,2019-10-13 16:01:00,64.15,1192.0,817.52,norway_residential
ASK_15814,NO_ASK,PRIVATE,AC,2019-10-12 21:42:00,2019-10-13 16:43:00,9.43,1141.0,965.009,norway_residential
ASK_15815,NO_ASK,PRIVATE,AC,2019-10-12 22:12:00,2019-10-13 11:36:00,6.67,804.0,687.813,norway_residential
ASK_15817,NO_ASK,PRIVATE,AC,2019-10-12 22:29:00,2019-10-13 10:25:00,14.13,716.0,476.457,norway_residential
ASK_15832,NO_ASK,PRIVATE,AC,2019-10-13 10:00:00,2019-10-13 10:17:00,3.07,17.0,0.16,norway_residential
ASK_15835,NO_ASK,PRIVATE,AC,2019-10-13 11:26:00,2019-10-13 14:31:00,6.76,185.0,68.578,norway_residential
ASK_15837,NO_ASK,PRIVATE,AC,2019-10-13 12:39:00,2019-10-13 18:23:00,13.82,344.0,218.027,norway_residential
ASK_15838,NO_ASK,PRIVATE,AC,2019-10-13 12:57:00,2019-10-13 15:03:00,1.62,126.0,100.08,norway_residential
ASK_15841,NO_ASK,PRIVATE,AC,2019-10-13 13:55:00,2019-10-13 16:22:00,8.43,147.0,72.657,norway_residential
ASK_15847,NO_ASK,PRIVATE,AC,2019-10-13 15:30:00,2019-10-13 16:24:00,6.35,54.0,0.679,norway_residential
ASK_15848,NO_ASK,PRIVATE,AC,2019-10-13 16:06:00,2019-10-13 16:42:00,6.42,36.0,0.785,norway_residential
ASK_15850,NO_ASK,PRIVATE,AC,2019-10-13 16:37:00,2019-10-14 09:39:00,3.46,1022.0,991.486,norway_residential
ASK_15851,NO_ASK,PRIVATE,AC,2019-10-13 16:51:00,2019-10-14 08:21:00,18.36,930.0,777.975,norway_residential
ASK_15852,NO_ASK,PRIVATE,AC,2019-10-13 17:06:00,2019-10-14 07:52:00,39.06,886.0,671.747,norway_residential
ASK_15854,NO_ASK,PRIVATE,AC,2019-10-13 17:18:00,2019-10-14 08:49:00,5.94,931.0,835.96,norway_residential
ASK_15855,NO_ASK,PRIVATE,AC,2019-10-13 17:43:00,2019-10-14 08:54:00,20.15,911.0,747.936,norway_residential
ASK_15861,NO_ASK,PRIVATE,AC,2019-10-13 18:57:00,2019-10-14 08:01:00,6.37,784.0,680.303,norway_residential
ASK_15864,NO_ASK,PRIVATE,AC,2019-10-13 19:36:00,2019-10-14 16:40:00,7.75,1264.0,1129.0,norway_residential
ASK_15865,NO_ASK,PRIVATE,AC,2019-10-13 19:43:00,2019-10-14 07:42:00,15.61,719.0,462.126,norway_residential
ASK_15870,NO_ASK,PRIVATE,AC,2019-10-13 21:31:00,2019-10-14 08:02:00,8.89,631.0,480.29,norway_residential
ASK_15879,NO_ASK,PRIVATE,AC,2019-10-14 11:22:00,2019-10-14 17:47:00,5.48,385.0,336.672,norway_residential
ASK_15880,NO_ASK,PRIVATE,AC,2019-10-14 12:13:00,2019-10-14 15:33:00,30.21,200.0,34.291,norway_residential
ASK_15881,NO_ASK,PRIVATE,AC,2019-10-14 12:15:00,2019-10-15 11:10:00,19.41,1375.0,1217.925,norway_residential
ASK_15883,NO_ASK,PRIVATE,AC,2019-10-14 12:22:00,2019-10-14 13:46:00,4.76,84.0,7.84,norway_residential
ASK_15893,NO_ASK,PRIVATE,AC,2019-10-14 16:18:00,2019-10-15 08:25:00,23.09,967.0,832.211,norway_residential
ASK_15894,NO_ASK,PRIVATE,AC,2019-10-14 16:32:00,2019-10-15 16:04:00,4.57,1412.0,1334.526,norway_residential
ASK_15901,NO_ASK,PRIVATE,AC,2019-10-14 18:49:00,2019-10-15 06:20:00,8.91,691.0,544.38,norway_residential
ASK_15902,NO_ASK,PRIVATE,AC,2019-10-14 19:08:00,2019-10-14 20:26:00,4.39,78.0,7.76,norway_residential
ASK_15904,NO_ASK,PRIVATE,AC,2019-10-14 19:45:00,2019-10-15 07:42:00,4.54,717.0,676.962,norway_residential
ASK_15905,NO_ASK,PRIVATE,AC,2019-10-14 20:02:00,2019-10-15 07:56:00,8.56,714.0,574.651,norway_residential
ASK_15908,NO_ASK,PRIVATE,AC,2019-10-14 20:23:00,2019-10-15 08:47:00,7.35,744.0,615.968,norway_residential
ASK_15910,NO_ASK,PRIVATE,AC,2019-10-14 20:35:00,2019-10-15 07:46:00,7.79,671.0,525.615,norway_residential
ASK_15911,NO_ASK,PRIVATE,AC,2019-10-14 20:50:00,2019-10-15 08:16:00,7.08,686.0,627.376,norway_residential
ASK_15915,NO_ASK,PRIVATE,AC,2019-10-14 21:18:00,2019-10-15 08:49:00,4.62,691.0,617.08,norway_residential
ASK_15916,NO_ASK,PRIVATE,AC,2019-10-14 21:22:00,2019-10-15 09:15:00,15.2,713.0,574.448,norway_residential
ASK_15917,NO_ASK,PRIVATE,AC,2019-10-14 21:32:00,2019-10-15 07:47:00,17.19,615.0,470.656,norway_residential
ASK_15922,NO_ASK,PRIVATE,AC,2019-10-14 23:39:00,2019-10-15 10:16:00,12.07,637.0,566.535,norway_residential
ASK_15925,NO_ASK,PRIVATE,AC,2019-10-15 12:17:00,2019-10-15 13:41:00,3.13,84.0,33.92,norway_residential
ASK_15930,NO_ASK,PRIVATE,AC,2019-10-15 13:32:00,2019-10-16 08:53:00,13.63,1161.0,1050.699,norway_residential
ASK_15932,NO_ASK,PRIVATE,AC,2019-10-15 15:02:00,2019-10-15 16:08:00,3.75,66.0,1.417,norway_residential
ASK_15936,NO_ASK,PRIVATE,AC,2019-10-15 15:43:00,2019-10-16 07:31:00,12.13,948.0,747.425,norway_residential
ASK_15938,NO_ASK,PRIVATE,AC,2019-10-15 15:48:00,2019-10-16 06:09:00,8.91,861.0,782.424,norway_residential
ASK_15939,NO_ASK,PRIVATE,AC,2019-10-15 15:52:00,2019-10-15 19:09:00,10.18,197.0,29.481,norway_residential
ASK_15941,NO_ASK,PRIVATE,AC,2019-10-15 16:36:00,2019-10-16 08:19:00,4.57,943.0,864.295,norway_residential
ASK_15942,NO_ASK,PRIVATE,AC,2019-10-15 16:42:00,2019-10-16 08:40:00,5.72,958.0,866.48,norway_residential
ASK_15947,NO_ASK,PRIVATE,AC,2019-10-15 17:57:00,2019-10-16 09:17:00,41.0,920.0,695.219,norway_residential
ASK_15949,NO_ASK,PRIVATE,AC,2019-10-15 18:20:00,2019-10-16 08:15:00,6.67,835.0,779.771,norway_residential
ASK_15953,NO_ASK,PRIVATE,AC,2019-10-15 19:18:00,2019-10-16 08:30:00,7.84,792.0,655.432,norway_residential
ASK_15955,NO_ASK,PRIVATE,AC,2019-10-15 19:29:00,2019-10-16 11:25:00,3.53,956.0,896.156,norway_residential
ASK_15956,NO_ASK,PRIVATE,AC,2019-10-15 19:37:00,2019-10-16 06:38:00,9.61,661.0,504.558,norway_residential
ASK_15958,NO_ASK,PRIVATE,AC,2019-10-15 20:03:00,2019-10-16 08:21:00,7.3,738.0,601.76,norway_residential
ASK_15960,NO_ASK,PRIVATE,AC,2019-10-15 20:51:00,2019-10-16 06:05:00,10.2,554.0,386.152,norway_residential
ASK_15970,NO_ASK,PRIVATE,AC,2019-10-16 10:31:00,2019-10-16 15:17:00,6.28,286.0,235.179,norway_residential
ASK_15972,NO_ASK,PRIVATE,AC,2019-10-16 12:20:00,2019-10-16 14:31:00,23.65,131.0,1.274,norway_residential
ASK_15974,NO_ASK,PRIVATE,AC,2019-10-16 14:04:00,2019-10-17 06:40:00,7.86,996.0,859.562,norway_residential
ASK_15976,NO_ASK,PRIVATE,AC,2019-10-16 14:47:00,2019-10-16 15:29:00,2.39,42.0,3.76,norway_residential
ASK_15982,NO_ASK,PRIVATE,AC,2019-10-16 15:46:00,2019-10-16 16:10:00,1.33,24.0,2.72,norway_residential
ASK_15988,NO_ASK,PRIVATE,AC,2019-10-16 16:22:00,2019-10-16 18:28:00,7.38,126.0,5.86,norway_residential
ASK_15989,NO_ASK,PRIVATE,AC,2019-10-16 16:32:00,2019-10-17 09:47:00,15.76,1035.0,942.992,norway_residential
ASK_15995,NO_ASK,PRIVATE,AC,2019-10-16 17:06:00,2019-10-16 17:47:00,2.32,41.0,3.88,norway_residential
ASK_15999,NO_ASK,PRIVATE,AC,2019-10-16 18:49:00,2019-10-16 19:59:00,6.4,70.0,16.26,norway_residential
ASK_16000,NO_ASK,PRIVATE,AC,2019-10-16 18:59:00,2019-10-17 11:12:00,9.98,973.0,786.744,norway_residential
ASK_16002,NO_ASK,PRIVATE,AC,2019-10-16 19:03:00,2019-10-17 08:16:00,6.69,793.0,677.784,norway_residential
ASK_16001,NO_ASK,PRIVATE,AC,2019-10-16 19:03:00,2019-10-17 08:51:00,5.8,828.0,735.2,norway_residential
ASK_16007,NO_ASK,PRIVATE,AC,2019-10-16 20:06:00,2019-10-17 07:47:00,6.88,701.0,643.229,norway_residential
ASK_16011,NO_ASK,PRIVATE,AC,2019-10-16 20:19:00,2019-10-17 07:40:00,3.96,681.0,616.535,norway_residential
ASK_16017,NO_ASK,PRIVATE,AC,2019-10-16 21:49:00,2019-10-17 06:45:00,10.68,536.0,441.814,norway_residential
ASK_16018,NO_ASK,PRIVATE,AC,2019-10-16 21:57:00,2019-10-17 10:38:00,15.14,761.0,622.994,norway_residential
ASK_16019,NO_ASK,PRIVATE,AC,2019-10-16 21:58:00,2019-10-17 08:32:00,7.28,634.0,507.187,norway_residential
ASK_16022,NO_ASK,PRIVATE,AC,2019-10-16 22:26:00,2019-10-17 08:15:00,4.43,589.0,552.318,norway_residential
ASK_16028,NO_ASK,PRIVATE,AC,2019-10-17 11:01:00,2019-10-17 15:01:00,8.14,240.0,174.127,norway_residential
ASK_16029,NO_ASK,PRIVATE,AC,2019-10-17 12:14:00,2019-10-17 14:44:00,2.04,150.0,117.36,norway_residential
ASK_16035,NO_ASK,PRIVATE,AC,2019-10-17 15:44:00,2019-10-17 17:47:00,6.43,123.0,18.326,norway_residential
ASK_16036,NO_ASK,PRIVATE,AC,2019-10-17 16:09:00,2019-10-17 19:23:00,5.08,194.0,149.2,norway_residential
ASK_16038,NO_ASK,PRIVATE,AC,2019-10-17 16:44:00,2019-10-18 08:04:00,52.75,920.0,630.654,norway_residential
ASK_16039,NO_ASK,PRIVATE,AC,2019-10-17 16:48:00,2019-10-17 17:57:00,11.82,69.0,,norway_residential
ASK_16045,NO_ASK,PRIVATE,AC,2019-10-17 18:01:00,2019-10-18 06:36:00,43.47,755.0,501.241,norway_residential
ASK_16047,NO_ASK,PRIVATE,AC,2019-10-17 18:19:00,2019-10-17 21:27:00,6.06,188.0,137.822,norway_residential
ASK_16050,NO_ASK,PRIVATE,AC,2019-10-17 18:49:00,2019-10-18 09:03:00,5.73,854.0,762.32,norway_residential
ASK_16052,NO_ASK,PRIVATE,AC,2019-10-17 19:24:00,2019-10-18 06:38:00,2.47,674.0,633.79,norway_residential
ASK_16053,NO_ASK,PRIVATE,AC,2019-10-17 19:58:00,2019-10-18 06:22:00,4.28,624.0,586.255,norway_residential
ASK_16054,NO_ASK,PRIVATE,AC,2019-10-17 20:11:00,2019-10-18 08:22:00,7.07,731.0,607.845,norway_residential
ASK_16057,NO_ASK,PRIVATE,AC,2019-10-17 20:22:00,2019-10-18 07:32:00,12.77,670.0,458.843,norway_residential
ASK_16059,NO_ASK,PRIVATE,AC,2019-10-17 20:58:00,2019-10-18 15:20:00,11.67,1102.0,904.161,norway_residential
ASK_16068,NO_ASK,PRIVATE,AC,2019-10-17 23:40:00,2019-10-18 08:12:00,0.17,512.0,510.592,norway_residential
ASK_16071,NO_ASK,PRIVATE,AC,2019-10-18 09:30:00,2019-10-18 09:42:00,0.55,12.0,3.2,norway_residential
ASK_16072,NO_ASK,PRIVATE,AC,2019-10-18 09:48:00,2019-10-18 11:21:00,5.29,93.0,48.58,norway_residential
ASK_16074,NO_ASK,PRIVATE,AC,2019-10-18 10:49:00,2019-10-18 15:17:00,8.89,268.0,196.058,norway_residential
ASK_16075,NO_ASK,PRIVATE,AC,2019-10-18 11:53:00,2019-10-18 14:20:00,5.85,147.0,53.4,norway_residential
ASK_16078,NO_ASK,PRIVATE,AC,2019-10-18 12:12:00,2019-10-21 08:15:00,10.83,4083.0,3896.483,norway_residential
ASK_16079,NO_ASK,PRIVATE,AC,2019-10-18 12:54:00,2019-10-18 14:02:00,7.69,68.0,23.105,norway_residential
ASK_16081,NO_ASK,PRIVATE,AC,2019-10-18 15:24:00,2019-10-19 11:23:00,8.36,1199.0,1150.194,norway_residential
ASK_16082,NO_ASK,PRIVATE,AC,2019-10-18 15:25:00,2019-10-18 17:42:00,5.34,137.0,89.907,norway_residential
ASK_16085,NO_ASK,PRIVATE,AC,2019-10-18 15:48:00,2019-10-19 11:46:00,8.66,1198.0,1057.023,norway_residential
ASK_16088,NO_ASK,PRIVATE,AC,2019-10-18 16:09:00,2019-10-19 12:05:00,15.59,1196.0,1104.992,norway_residential
ASK_16090,NO_ASK,PRIVATE,AC,2019-10-18 16:28:00,2019-10-19 13:03:00,6.11,1235.0,1128.939,norway_residential
ASK_16091,NO_ASK,PRIVATE,AC,2019-10-18 16:43:00,2019-10-18 17:57:00,3.69,74.0,13.278,norway_residential
ASK_16093,NO_ASK,PRIVATE,AC,2019-10-18 17:18:00,2019-10-18 18:51:00,3.35,93.0,36.208,norway_residential
ASK_16095,NO_ASK,PRIVATE,AC,2019-10-18 17:35:00,2019-10-19 11:48:00,4.49,1093.0,1009.204,norway_residential
ASK_16097,NO_ASK,PRIVATE,AC,2019-10-18 17:53:00,2019-10-18 19:25:00,3.45,92.0,31.903,norway_residential
ASK_16099,NO_ASK,PRIVATE,AC,2019-10-18 17:56:00,2019-10-19 09:55:00,17.61,959.0,816.491,norway_residential
ASK_16100,NO_ASK,PRIVATE,AC,2019-10-18 18:01:00,2019-10-19 09:47:00,5.94,946.0,850.96,norway_residential
ASK_16101,NO_ASK,PRIVATE,AC,2019-10-18 18:09:00,2019-10-19 11:21:00,2.03,1032.0,1014.098,norway_residential
ASK_16104,NO_ASK,PRIVATE,AC,2019-10-18 19:08:00,2019-10-19 10:07:00,2.69,899.0,853.397,norway_residential
ASK_16107,NO_ASK,PRIVATE,AC,2019-10-18 19:55:00,2019-10-19 11:57:00,32.91,962.0,781.572,norway_residential
ASK_16108,NO_ASK,PRIVATE,AC,2019-10-18 20:23:00,2019-10-19 10:13:00,16.84,830.0,552.886,norway_residential
ASK_16120,NO_ASK,PRIVATE,AC,2019-10-19 11:49:00,2019-10-20 09:39:00,13.11,1310.0,1093.22,norway_residential
ASK_16121,NO_ASK,PRIVATE,AC,2019-10-19 12:03:00,2019-10-19 15:25:00,2.16,202.0,166.837,norway_residential
ASK_16122,NO_ASK,PRIVATE,AC,2019-10-19 12:14:00,2019-10-19 12:42:00,3.13,28.0,2.671,norway_residential
ASK_16125,NO_ASK,PRIVATE,AC,2019-10-19 13:28:00,2019-10-19 14:26:00,6.92,58.0,2.0,norway_residential
ASK_16134,NO_ASK,PRIVATE,AC,2019-10-19 15:59:00,2019-10-20 13:47:00,19.02,1308.0,1140.265,norway_residential
ASK_16135,NO_ASK,PRIVATE,AC,2019-10-19 16:16:00,2019-10-19 19:38:00,16.91,202.0,65.156,norway_residential
ASK_16139,NO_ASK,PRIVATE,AC,2019-10-19 17:06:00,2019-10-21 08:56:00,5.79,2390.0,2297.36,norway_residential
ASK_16140,NO_ASK,PRIVATE,AC,2019-10-19 17:09:00,2019-10-20 11:25:00,6.1,1096.0,982.156,norway_residential
ASK_16141,NO_ASK,PRIVATE,AC,2019-10-19 17:26:00,2019-10-20 09:37:00,23.77,971.0,756.645,norway_residential
ASK_16143,NO_ASK,PRIVATE,AC,2019-10-19 19:44:00,2019-10-20 03:29:00,8.45,465.0,396.618,norway_residential
ASK_16144,NO_ASK,PRIVATE,AC,2019-10-19 19:45:00,2019-10-20 13:33:00,6.13,1068.0,961.219,norway_residential
ASK_16146,NO_ASK,PRIVATE,AC,2019-10-19 20:04:00,2019-10-21 06:25:00,13.45,2061.0,1842.046,norway_residential
ASK_16149,NO_ASK,PRIVATE,AC,2019-10-19 22:24:00,2019-10-20 09:03:00,10.28,639.0,465.525,norway_residential
ASK_16150,NO_ASK,PRIVATE,AC,2019-10-19 22:26:00,2019-10-20 08:50:00,27.65,624.0,462.578,norway_residential
ASK_16157,NO_ASK,PRIVATE,AC,2019-10-20 05:53:00,2019-10-20 13:26:00,25.14,453.0,249.555,norway_residential
ASK_16160,NO_ASK,PRIVATE,AC,2019-10-20 11:03:00,2019-10-20 17:31:00,3.02,388.0,336.803,norway_residential
ASK_16166,NO_ASK,PRIVATE,AC,2019-10-20 14:34:00,2019-10-21 08:32:00,2.03,1078.0,1040.114,norway_residential
ASK_16174,NO_ASK,PRIVATE,AC,2019-10-20 16:23:00,2019-10-21 07:50:00,8.51,927.0,858.133,norway_residential
ASK_16177,NO_ASK,PRIVATE,AC,2019-10-20 16:57:00,2019-10-21 08:11:00,19.61,914.0,583.081,norway_residential
ASK_16178,NO_ASK,PRIVATE,AC,2019-10-20 17:05:00,2019-10-21 09:36:00,13.84,991.0,915.123,norway_residential
ASK_16182,NO_ASK,PRIVATE,AC,2019-10-20 17:49:00,2019-10-20 20:11:00,1.8,142.0,111.485,norway_residential
ASK_16187,NO_ASK,PRIVATE,AC,2019-10-20 18:44:00,2019-10-22 18:36:00,6.61,2872.0,2756.858,norway_residential
ASK_16190,NO_ASK,PRIVATE,AC,2019-10-20 20:13:00,2019-10-21 06:29:00,63.08,616.0,247.767,norway_residential
ASK_16193,NO_ASK,PRIVATE,AC,2019-10-20 20:35:00,2019-10-21 06:55:00,2.92,620.0,570.498,norway_residential
ASK_16195,NO_ASK,PRIVATE,AC,2019-10-20 20:59:00,2019-10-21 08:53:00,0.49,714.0,709.679,norway_residential
ASK_16201,NO_ASK,PRIVATE,AC,2019-10-20 22:10:00,2019-10-21 07:56:00,22.71,586.0,397.955,norway_residential
ASK_16208,NO_ASK,PRIVATE,AC,2019-10-21 11:57:00,2019-10-21 12:21:00,2.85,24.0,0.069,norway_residential
ASK_16209,NO_ASK,PRIVATE,AC,2019-10-21 12:15:00,2019-10-21 15:38:00,3.21,203.0,151.64,norway_residential
ASK_16210,NO_ASK,PRIVATE,AC,2019-10-21 12:45:00,2019-10-21 13:20:00,4.2,35.0,1.012,norway_residential
ASK_16211,NO_ASK,PRIVATE,AC,2019-10-21 13:50:00,2019-10-22 10:36:00,59.48,1246.0,919.904,norway_residential
ASK_16212,NO_ASK,PRIVATE,AC,2019-10-21 14:44:00,2019-10-21 20:29:00,19.15,345.0,190.029,norway_residential
ASK_16217,NO_ASK,PRIVATE,AC,2019-10-21 15:56:00,2019-10-21 18:12:00,7.55,136.0,72.603,norway_residential
ASK_16221,NO_ASK,PRIVATE,AC,2019-10-21 16:31:00,2019-10-23 06:37:00,4.93,2286.0,2200.423,norway_residential
ASK_16229,NO_ASK,PRIVATE,AC,2019-10-21 17:44:00,2019-10-22 07:12:00,5.39,808.0,715.172,norway_residential
ASK_16233,NO_ASK,PRIVATE,AC,2019-10-21 18:57:00,2019-10-22 10:05:00,8.12,908.0,860.595,norway_residential
ASK_16234,NO_ASK,PRIVATE,AC,2019-10-21 19:10:00,2019-10-21 20:24:00,3.72,74.0,14.48,norway_residential
ASK_16235,NO_ASK,PRIVATE,AC,2019-10-21 19:18:00,2019-10-22 08:09:00,11.86,771.0,672.796,norway_residential
ASK_16236,NO_ASK,PRIVATE,AC,2019-10-21 19:33:00,2019-10-21 20:56:00,4.24,83.0,11.12,norway_residential
ASK_16237,NO_ASK,PRIVATE,AC,2019-10-21 19:44:00,2019-10-22 07:26:00,6.97,702.0,588.535,norway_residential
ASK_16238,NO_ASK,PRIVATE,AC,2019-10-21 20:00:00,2019-10-22 08:49:00,7.27,769.0,707.954,norway_residential
ASK_16242,NO_ASK,PRIVATE,AC,2019-10-21 21:07:00,2019-10-22 08:45:00,5.57,698.0,608.88,norway_residential
ASK_16243,NO_ASK,PRIVATE,AC,2019-10-21 21:13:00,2019-10-22 15:15:00,5.09,1082.0,995.71,norway_residential
ASK_16247,NO_ASK,PRIVATE,AC,2019-10-21 21:50:00,2019-10-22 06:41:00,5.3,531.0,484.26,norway_residential
ASK_16250,NO_ASK,PRIVATE,AC,2019-10-21 22:54:00,2019-10-22 07:56:00,11.91,542.0,346.013,norway_residential
ASK_16255,NO_ASK,PRIVATE,AC,2019-10-22 09:40:00,2019-10-22 18:18:00,17.49,518.0,358.574,norway_residential
ASK_16258,NO_ASK,PRIVATE,AC,2019-10-22 12:18:00,2019-10-22 15:42:00,36.99,204.0,1.101,norway_residential
ASK_16259,NO_ASK,PRIVATE,AC,2019-10-22 12:21:00,2019-10-22 15:39:00,3.21,198.0,146.64,norway_residential
ASK_16261,NO_ASK,PRIVATE,AC,2019-10-22 14:19:00,2019-10-22 15:36:00,10.77,77.0,14.124,norway_residential
ASK_16267,NO_ASK,PRIVATE,AC,2019-10-22 15:46:00,2019-10-23 07:33:00,13.27,947.0,727.575,norway_residential
ASK_16270,NO_ASK,PRIVATE,AC,2019-10-22 16:36:00,2019-10-23 08:20:00,4.83,944.0,860.816,norway_residential
ASK_16271,NO_ASK,PRIVATE,AC,2019-10-22 16:36:00,2019-10-23 06:42:00,10.18,846.0,680.279,norway_residential
ASK_16274,NO_ASK,PRIVATE,AC,2019-10-22 17:17:00,2019-10-23 08:32:00,19.97,915.0,798.424,norway_residential
ASK_16279,NO_ASK,PRIVATE,AC,2019-10-22 18:17:00,2019-10-23 08:11:00,7.72,834.0,771.526,norway_residential
ASK_16280,NO_ASK,PRIVATE,AC,2019-10-22 18:18:00,2019-10-23 09:10:00,6.8,892.0,832.032,norway_residential
ASK_16283,NO_ASK,PRIVATE,AC,2019-10-22 18:43:00,2019-10-23 07:49:00,2.83,786.0,740.72,norway_residential
ASK_16284,NO_ASK,PRIVATE,AC,2019-10-22 18:45:00,2019-10-22 20:04:00,1.67,79.0,49.91,norway_residential
ASK_16285,NO_ASK,PRIVATE,AC,2019-10-22 19:02:00,2019-10-23 12:42:00,3.5,1060.0,1039.567,norway_residential
ASK_16287,NO_ASK,PRIVATE,AC,2019-10-22 19:28:00,2019-10-22 20:07:00,1.4,39.0,15.266,norway_residential
ASK_16290,NO_ASK,PRIVATE,AC,2019-10-22 19:44:00,2019-10-23 07:46:00,5.91,722.0,673.063,norway_residential
ASK_16291,NO_ASK,PRIVATE,AC,2019-10-22 20:35:00,2019-10-23 09:38:00,8.39,783.0,626.418,norway_residential
ASK_16293,NO_ASK,PRIVATE,AC,2019-10-22 20:52:00,2019-10-22 21:14:00,1.09,22.0,3.521,norway_residential
ASK_16294,NO_ASK,PRIVATE,AC,2019-10-22 21:28:00,2019-10-23 08:49:00,3.87,681.0,648.504,norway_residential
ASK_16296,NO_ASK,PRIVATE,AC,2019-10-22 21:39:00,2019-10-23 06:56:00,4.64,557.0,478.339,norway_residential
ASK_16309,NO_ASK,PRIVATE,AC,2019-10-23 11:05:00,2019-10-23 12:27:00,7.31,82.0,22.844,norway_residential
ASK_16310,NO_ASK,PRIVATE,AC,2019-10-23 11:06:00,2019-10-23 11:54:00,2.56,48.0,7.04,norway_residential
ASK_16313,NO_ASK,PRIVATE,AC,2019-10-23 13:00:00,2019-10-23 15:31:00,1.78,151.0,122.52,norway_residential
ASK_16315,NO_ASK,PRIVATE,AC,2019-10-23 14:21:00,2019-10-24 10:03:00,6.14,1182.0,1132.312,norway_residential
ASK_16316,NO_ASK,PRIVATE,AC,2019-10-23 14:30:00,2019-10-24 06:32:00,6.33,962.0,852.121,norway_residential
ASK_16324,NO_ASK,PRIVATE,AC,2019-10-23 16:38:00,2019-10-23 18:16:00,5.7,98.0,5.209,norway_residential
ASK_16326,NO_ASK,PRIVATE,AC,2019-10-23 16:47:00,2019-10-25 14:05:00,8.45,2718.0,2668.669,norway_residential
ASK_16328,NO_ASK,PRIVATE,AC,2019-10-23 16:54:00,2019-10-23 17:52:00,3.1,58.0,8.4,norway_residential
ASK_16332,NO_ASK,PRIVATE,AC,2019-10-23 18:41:00,2019-10-24 08:22:00,6.8,821.0,702.548,norway_residential
ASK_16335,NO_ASK,PRIVATE,AC,2019-10-23 19:09:00,2019-10-24 08:49:00,5.7,820.0,728.8,norway_residential
ASK_16336,NO_ASK,PRIVATE,AC,2019-10-23 19:40:00,2019-10-24 06:35:00,6.01,655.0,557.163,norway_residential
ASK_16337,NO_ASK,PRIVATE,AC,2019-10-23 19:55:00,2019-10-24 06:54:00,4.19,659.0,586.839,norway_residential
ASK_16339,NO_ASK,PRIVATE,AC,2019-10-23 19:59:00,2019-10-24 08:59:00,11.4,780.0,679.465,norway_residential
ASK_16340,NO_ASK,PRIVATE,AC,2019-10-23 20:04:00,2019-10-24 06:55:00,6.33,651.0,543.689,norway_residential
ASK_16346,NO_ASK,PRIVATE,AC,2019-10-23 21:34:00,2019-10-24 09:03:00,5.22,689.0,591.579,norway_residential
ASK_16349,NO_ASK,PRIVATE,AC,2019-10-23 22:04:00,2019-10-24 08:13:00,11.11,609.0,507.729,norway_residential
ASK_16353,NO_ASK,PRIVATE,AC,2019-10-24 02:27:00,2019-10-24 06:45:00,20.35,258.0,89.497,norway_residential
ASK_16360,NO_ASK,PRIVATE,AC,2019-10-24 10:57:00,2019-10-24 14:57:00,2.6,240.0,198.4,norway_residential
ASK_16362,NO_ASK,PRIVATE,AC,2019-10-24 11:28:00,2019-10-24 12:34:00,3.69,66.0,35.015,norway_residential
ASK_16365,NO_ASK,PRIVATE,AC,2019-10-24 15:06:00,2019-10-25 15:35:00,8.79,1469.0,1397.867,norway_residential
ASK_16367,NO_ASK,PRIVATE,AC,2019-10-24 15:32:00,2019-10-24 15:59:00,1.46,27.0,14.74,norway_residential
ASK_16370,NO_ASK,PRIVATE,AC,2019-10-24 15:43:00,2019-10-24 16:23:00,3.94,40.0,4.086,norway_residential
ASK_16373,NO_ASK,PRIVATE,AC,2019-10-24 16:11:00,2019-10-24 18:29:00,3.2,138.0,111.13,norway_residential
ASK_16375,NO_ASK,PRIVATE,AC,2019-10-24 16:29:00,2019-10-25 07:24:00,4.97,895.0,851.17,norway_residential
ASK_16376,NO_ASK,PRIVATE,AC,2019-10-24 16:40:00,2019-10-25 08:05:00,6.05,925.0,820.806,norway_residential
ASK_16377,NO_ASK,PRIVATE,AC,2019-10-24 16:42:00,2019-10-25 05:53:00,50.08,791.0,516.299,norway_residential
ASK_16378,NO_ASK,PRIVATE,AC,2019-10-24 16:46:00,2019-10-25 08:00:00,37.24,914.0,709.833,norway_residential
ASK_16380,NO_ASK,PRIVATE,AC,2019-10-24 17:19:00,2019-10-24 18:25:00,3.51,66.0,6.496,norway_residential
ASK_16381,NO_ASK,PRIVATE,AC,2019-10-24 18:18:00,2019-10-24 19:33:00,2.7,75.0,31.047,norway_residential
ASK_16383,NO_ASK,PRIVATE,AC,2019-10-24 18:29:00,2019-10-25 06:28:00,13.83,719.0,491.418,norway_residential
ASK_16386,NO_ASK,PRIVATE,AC,2019-10-24 18:45:00,2019-10-25 08:31:00,5.84,826.0,732.56,norway_residential
ASK_16387,NO_ASK,PRIVATE,AC,2019-10-24 18:52:00,2019-10-24 20:39:00,3.61,107.0,45.8,norway_residential
ASK_16388,NO_ASK,PRIVATE,AC,2019-10-24 18:54:00,2019-10-25 08:57:00,12.43,843.0,729.697,norway_residential
ASK_16390,NO_ASK,PRIVATE,AC,2019-10-24 19:06:00,2019-10-24 22:03:00,15.04,177.0,52.465,norway_residential
ASK_16391,NO_ASK,PRIVATE,AC,2019-10-24 19:11:00,2019-10-25 09:05:00,5.93,834.0,723.329,norway_residential
ASK_16392,NO_ASK,PRIVATE,AC,2019-10-24 19:50:00,2019-10-24 21:19:00,3.2,89.0,36.907,norway_residential
ASK_16395,NO_ASK,PRIVATE,AC,2019-10-24 20:58:00,2019-10-25 20:25:00,3.66,1407.0,1344.953,norway_residential
ASK_16399,NO_ASK,PRIVATE,AC,2019-10-24 21:51:00,2019-10-25 06:41:00,6.96,530.0,416.698,norway_residential
ASK_16404,NO_ASK,PRIVATE,AC,2019-10-24 22:42:00,2019-10-25 07:49:00,2.39,547.0,527.21,norway_residential
ASK_16409,NO_ASK,PRIVATE,AC,2019-10-25 09:21:00,2019-10-25 14:01:00,2.38,280.0,241.92,norway_residential
ASK_16416,NO_ASK,PRIVATE,AC,2019-10-25 14:25:00,2019-10-27 10:51:00,6.75,2666.0,2556.116,norway_residential
ASK_16417,NO_ASK,PRIVATE,AC,2019-10-25 15:01:00,2019-10-25 15:17:00,0.87,16.0,2.08,norway_residential
ASK_16418,NO_ASK,PRIVATE,AC,2019-10-25 15:19:00,2019-10-25 17:47:00,4.15,148.0,75.962,norway_residential
ASK_16419,NO_ASK,PRIVATE,AC,2019-10-25 15:52:00,2019-10-26 09:42:00,11.87,1070.0,873.724,norway_residential
ASK_16421,NO_ASK,PRIVATE,AC,2019-10-25 16:05:00,2019-10-26 19:00:00,4.01,1615.0,1591.59,norway_residential
ASK_16425,NO_ASK,PRIVATE,AC,2019-10-25 17:15:00,2019-10-26 11:22:00,18.64,1087.0,772.45,norway_residential
ASK_16426,NO_ASK,PRIVATE,AC,2019-10-25 17:15:00,2019-10-26 08:33:00,5.6,918.0,828.4,norway_residential
ASK_16428,NO_ASK,PRIVATE,AC,2019-10-25 18:03:00,2019-10-26 12:31:00,6.36,1108.0,997.213,norway_residential
ASK_16430,NO_ASK,PRIVATE,AC,2019-10-25 18:11:00,2019-10-25 22:08:00,13.8,237.0,125.324,norway_residential
ASK_16431,NO_ASK,PRIVATE,AC,2019-10-25 18:14:00,2019-10-26 12:50:00,56.67,1116.0,785.185,norway_residential
ASK_16432,NO_ASK,PRIVATE,AC,2019-10-25 18:29:00,2019-10-26 09:20:00,4.62,891.0,850.257,norway_residential
ASK_16440,NO_ASK,PRIVATE,AC,2019-10-25 21:15:00,2019-10-26 08:31:00,4.0,676.0,608.189,norway_residential
ASK_16441,NO_ASK,PRIVATE,AC,2019-10-25 21:34:00,2019-10-26 14:09:00,3.7,995.0,925.947,norway_residential
ASK_16444,NO_ASK,PRIVATE,AC,2019-10-25 22:33:00,2019-10-26 09:42:00,7.52,669.0,608.145,norway_residential
ASK_16453,NO_ASK,PRIVATE,AC,2019-10-26 08:56:00,2019-10-26 11:19:00,2.43,143.0,101.805,norway_residential
ASK_16456,NO_ASK,PRIVATE,AC,2019-10-26 11:05:00,2019-10-26 15:51:00,1.74,286.0,258.16,norway_residential
ASK_16461,NO_ASK,PRIVATE,AC,2019-10-26 13:07:00,2019-10-27 09:44:00,22.66,1237.0,1032.656,norway_residential
ASK_16462,NO_ASK,PRIVATE,AC,2019-10-26 13:19:00,2019-10-26 14:57:00,5.61,98.0,5.684,norway_residential
ASK_16464,NO_ASK,PRIVATE,AC,2019-10-26 14:18:00,2019-10-26 18:39:00,13.02,261.0,142.319,norway_residential
ASK_16466,NO_ASK,PRIVATE,AC,2019-10-26 14:45:00,2019-10-26 15:44:00,4.3,59.0,33.898,norway_residential
ASK_16469,NO_ASK,PRIVATE,AC,2019-10-26 15:18:00,2019-10-27 13:55:00,9.31,1357.0,1203.798,norway_residential
ASK_16471,NO_ASK,PRIVATE,AC,2019-10-26 15:47:00,2019-10-26 17:08:00,5.13,81.0,51.053,norway_residential
ASK_16473,NO_ASK,PRIVATE,AC,2019-10-26 16:20:00,2019-10-27 11:42:00,2.18,1162.0,1127.12,norway_residential
ASK_16474,NO_ASK,PRIVATE,AC,2019-10-26 16:50:00,2019-10-27 00:09:00,8.52,439.0,370.052,norway_residential
ASK_16477,NO_ASK,PRIVATE,AC,2019-10-26 17:26:00,2019-10-27 16:06:00,17.71,1360.0,1256.617,norway_residential
ASK_16478,NO_ASK,PRIVATE,AC,2019-10-26 17:39:00,2019-10-27 15:16:00,1.8,1297.0,1263.407,norway_residential
ASK_16479,NO_ASK,PRIVATE,AC,2019-10-26 18:34:00,2019-10-27 15:43:00,7.22,1269.0,1205.328,norway_residential
ASK_16480,NO_ASK,PRIVATE,AC,2019-10-26 18:44:00,2019-10-26 19:15:00,1.74,31.0,1.502,norway_residential
ASK_16481,NO_ASK,PRIVATE,AC,2019-10-26 19:39:00,2019-10-27 10:05:00,11.25,866.0,675.281,norway_residential
ASK_16496,NO_ASK,PRIVATE,AC,2019-10-27 00:41:00,2019-10-27 12:33:00,3.56,712.0,683.191,norway_residential
ASK_16509,NO_ASK,PRIVATE,AC,2019-10-27 11:22:00,2019-10-27 13:29:00,7.14,127.0,5.957,norway_residential
ASK_16513,NO_ASK,PRIVATE,AC,2019-10-27 12:34:00,2019-10-28 13:21:00,28.5,1487.0,1330.75,norway_residential
ASK_16517,NO_ASK,PRIVATE,AC,2019-10-27 14:15:00,2019-10-27 16:16:00,12.68,121.0,18.387,norway_residential
ASK_16518,NO_ASK,PRIVATE,AC,2019-10-27 14:22:00,2019-10-27 18:28:00,9.68,246.0,164.718,norway_residential
ASK_16520,NO_ASK,PRIVATE,AC,2019-10-27 15:03:00,2019-10-28 08:40:00,2.13,1057.0,1022.326,norway_residential
ASK_16524,NO_ASK,PRIVATE,AC,2019-10-27 16:09:00,2019-10-28 06:29:00,61.82,860.0,499.122,norway_residential
ASK_16528,NO_ASK,PRIVATE,AC,2019-10-27 17:08:00,2019-10-28 07:29:00,6.26,861.0,744.17,norway_residential
ASK_16531,NO_ASK,PRIVATE,AC,2019-10-27 17:23:00,2019-10-28 09:01:00,0.12,938.0,936.08,norway_residential
ASK_16532,NO_ASK,PRIVATE,AC,2019-10-27 18:05:00,2019-10-28 00:26:00,19.78,381.0,220.931,norway_residential
ASK_16534,NO_ASK,PRIVATE,AC,2019-10-27 18:36:00,2019-10-28 06:09:00,14.38,693.0,456.367,norway_residential
ASK_16539,NO_ASK,PRIVATE,AC,2019-10-27 20:06:00,2019-10-28 12:12:00,3.18,966.0,947.435,norway_residential
ASK_16540,NO_ASK,PRIVATE,AC,2019-10-27 20:14:00,2019-10-28 06:15:00,11.07,601.0,413.333,norway_residential
ASK_16541,NO_ASK,PRIVATE,AC,2019-10-27 20:26:00,2019-10-28 07:32:00,45.86,666.0,414.447,norway_residential
ASK_16544,NO_ASK,PRIVATE,AC,2019-10-27 20:51:00,2019-10-28 09:29:00,12.64,758.0,548.992,norway_residential
ASK_16547,NO_ASK,PRIVATE,AC,2019-10-27 21:19:00,2019-10-28 06:38:00,26.33,559.0,340.981,norway_residential
ASK_16550,NO_ASK,PRIVATE,AC,2019-10-27 22:30:00,2019-10-28 08:07:00,16.68,577.0,295.525,norway_residential
ASK_16552,NO_ASK,PRIVATE,AC,2019-10-27 22:44:00,2019-10-28 15:54:00,7.48,1030.0,899.703,norway_residential
ASK_16560,NO_ASK,PRIVATE,AC,2019-10-28 12:16:00,2019-10-28 13:23:00,8.09,67.0,1.532,norway_residential
ASK_16561,NO_ASK,PRIVATE,AC,2019-10-28 12:28:00,2019-10-28 14:22:00,3.81,114.0,53.04,norway_residential
ASK_16562,NO_ASK,PRIVATE,AC,2019-10-28 14:32:00,2019-10-28 16:53:00,12.55,141.0,26.603,norway_residential
ASK_16563,NO_ASK,PRIVATE,AC,2019-10-28 14:43:00,2019-10-28 15:38:00,0.47,55.0,47.48,norway_residential
ASK_16568,NO_ASK,PRIVATE,AC,2019-10-28 15:30:00,2019-10-28 19:57:00,12.0,267.0,68.575,norway_residential
ASK_16570,NO_ASK,PRIVATE,AC,2019-10-28 15:50:00,2019-10-28 17:16:00,9.33,86.0,10.497,norway_residential
ASK_16575,NO_ASK,PRIVATE,AC,2019-10-28 16:53:00,2019-10-29 06:43:00,5.59,830.0,780.702,norway_residential
ASK_16580,NO_ASK,PRIVATE,AC,2019-10-28 17:36:00,2019-10-29 08:03:00,4.85,867.0,783.472,norway_residential
ASK_16581,NO_ASK,PRIVATE,AC,2019-10-28 17:48:00,2019-10-29 10:36:00,5.13,1008.0,966.486,norway_residential
ASK_16582,NO_ASK,PRIVATE,AC,2019-10-28 18:09:00,2019-10-28 18:37:00,1.53,28.0,3.52,norway_residential
ASK_16583,NO_ASK,PRIVATE,AC,2019-10-28 18:29:00,2019-10-28 18:35:00,0.36,6.0,0.076,norway_residential
ASK_16584,NO_ASK,PRIVATE,AC,2019-10-28 18:43:00,2019-10-28 20:44:00,5.66,121.0,27.861,norway_residential
ASK_16585,NO_ASK,PRIVATE,AC,2019-10-28 18:49:00,2019-10-29 08:41:00,5.17,832.0,735.513,norway_residential
ASK_16586,NO_ASK,PRIVATE,AC,2019-10-28 19:03:00,2019-10-28 20:17:00,4.14,74.0,7.76,norway_residential
ASK_16593,NO_ASK,PRIVATE,AC,2019-10-28 20:18:00,2019-10-29 08:36:00,9.53,738.0,582.86,norway_residential
ASK_16597,NO_ASK,PRIVATE,AC,2019-10-28 20:53:00,2019-10-29 09:07:00,5.42,734.0,647.28,norway_residential
ASK_16599,NO_ASK,PRIVATE,AC,2019-10-28 21:15:00,2019-10-29 06:48:00,21.31,573.0,396.548,norway_residential
ASK_16601,NO_ASK,PRIVATE,AC,2019-10-28 21:29:00,2019-10-29 06:05:00,14.98,516.0,433.831,norway_residential
ASK_16602,NO_ASK,PRIVATE,AC,2019-10-28 21:37:00,2019-10-29 08:13:00,18.89,636.0,317.231,norway_residential
ASK_16604,NO_ASK,PRIVATE,AC,2019-10-28 22:13:00,2019-10-29 06:35:00,9.88,502.0,339.418,norway_residential
ASK_16606,NO_ASK,PRIVATE,AC,2019-10-28 23:15:00,2019-10-29 08:19:00,7.37,544.0,415.619,norway_residential
ASK_16613,NO_ASK,PRIVATE,AC,2019-10-29 14:56:00,2019-10-29 15:33:00,1.91,37.0,6.44,norway_residential
ASK_16619,NO_ASK,PRIVATE,AC,2019-10-29 16:16:00,2019-10-30 09:37:00,12.72,1041.0,938.064,norway_residential
ASK_16625,NO_ASK,PRIVATE,AC,2019-10-29 17:16:00,2019-10-30 08:03:00,5.94,887.0,784.7,norway_residential
ASK_16626,NO_ASK,PRIVATE,AC,2019-10-29 17:32:00,2019-10-30 06:45:00,5.83,793.0,744.726,norway_residential
ASK_16627,NO_ASK,PRIVATE,AC,2019-10-29 18:29:00,2019-10-30 08:11:00,5.16,822.0,725.699,norway_residential
ASK_16628,NO_ASK,PRIVATE,AC,2019-10-29 19:06:00,2019-10-30 09:20:00,5.66,854.0,763.44,norway_residential
ASK_16629,NO_ASK,PRIVATE,AC,2019-10-29 19:11:00,2019-10-29 19:39:00,1.63,28.0,1.177,norway_residential
ASK_16632,NO_ASK,PRIVATE,AC,2019-10-29 19:49:00,2019-10-30 10:02:00,12.47,853.0,739.333,norway_residential
ASK_16636,NO_ASK,PRIVATE,AC,2019-10-29 21:16:00,2019-10-30 06:39:00,11.48,563.0,376.116,norway_residential
ASK_16637,NO_ASK,PRIVATE,AC,2019-10-29 21:16:00,2019-10-30 08:39:00,9.64,683.0,602.053,norway_residential
ASK_16639,NO_ASK,PRIVATE,AC,2019-10-29 21:35:00,2019-10-30 07:09:00,12.05,574.0,375.709,norway_residential
ASK_16645,NO_ASK,PRIVATE,AC,2019-10-29 22:35:00,2019-10-30 08:27:00,18.69,592.0,482.896,norway_residential
ASK_16649,NO_ASK,PRIVATE,AC,2019-10-29 23:37:00,2019-10-31 17:05:00,6.76,2488.0,2370.245,norway_residential
ASK_16652,NO_ASK,PRIVATE,AC,2019-10-30 07:20:00,2019-10-30 08:49:00,4.79,89.0,46.757,norway_residential
ASK_16654,NO_ASK,PRIVATE,AC,2019-10-30 11:23:00,2019-10-30 17:02:00,37.12,339.0,135.491,norway_residential
ASK_16655,NO_ASK,PRIVATE,AC,2019-10-30 11:56:00,2019-10-31 09:17:00,12.52,1281.0,1179.682,norway_residential
ASK_16658,NO_ASK,PRIVATE,AC,2019-10-30 13:33:00,2019-10-30 15:32:00,4.75,119.0,43.0,norway_residential
ASK_16659,NO_ASK,PRIVATE,AC,2019-10-30 14:17:00,2019-11-01 06:40:00,8.09,2423.0,2282.57,norway_residential
ASK_16661,NO_ASK,PRIVATE,AC,2019-10-30 14:24:00,2019-10-31 08:12:00,34.23,1068.0,880.24,norway_residential
ASK_16674,NO_ASK,PRIVATE,AC,2019-10-30 17:22:00,2019-10-30 17:43:00,1.15,21.0,2.6,norway_residential
ASK_16677,NO_ASK,PRIVATE,AC,2019-10-30 17:41:00,2019-10-31 08:19:00,5.18,878.0,788.789,norway_residential
ASK_16678,NO_ASK,PRIVATE,AC,2019-10-30 18:47:00,2019-10-31 08:16:00,5.41,809.0,719.974,norway_residential
ASK_16681,NO_ASK,PRIVATE,AC,2019-10-30 19:34:00,2019-10-31 08:54:00,5.93,800.0,705.12,norway_residential
ASK_16683,NO_ASK,PRIVATE,AC,2019-10-30 19:41:00,2019-10-31 06:43:00,7.14,662.0,599.033,norway_residential
ASK_16687,NO_ASK,PRIVATE,AC,2019-10-30 20:14:00,2019-10-31 08:10:00,18.5,716.0,403.812,norway_residential
ASK_16691,NO_ASK,PRIVATE,AC,2019-10-30 21:18:00,2019-10-31 06:34:00,8.77,556.0,413.233,norway_residential
ASK_16703,NO_ASK,PRIVATE,AC,2019-10-31 12:14:00,2019-10-31 14:55:00,1.75,161.0,133.0,norway_residential
ASK_16704,NO_ASK,PRIVATE,AC,2019-10-31 12:28:00,2019-10-31 16:50:00,14.88,262.0,9.743,norway_residential
ASK_16708,NO_ASK,PRIVATE,AC,2019-10-31 14:09:00,2019-10-31 16:01:00,8.92,112.0,39.815,norway_residential
ASK_16710,NO_ASK,PRIVATE,AC,2019-10-31 14:28:00,2019-11-01 09:48:00,9.08,1160.0,1083.756,norway_residential
ASK_16712,NO_ASK,PRIVATE,AC,2019-10-31 15:30:00,2019-11-01 08:42:00,1.34,1032.0,1010.56,norway_residential
ASK_16716,NO_ASK,PRIVATE,AC,2019-10-31 16:16:00,2019-11-01 07:23:00,13.44,907.0,685.836,norway_residential
ASK_16717,NO_ASK,PRIVATE,AC,2019-10-31 16:21:00,2019-11-01 07:30:00,12.05,909.0,709.748,norway_residential
ASK_16718,NO_ASK,PRIVATE,AC,2019-10-31 16:40:00,2019-11-01 10:40:00,4.17,1080.0,1046.254,norway_residential
ASK_16720,NO_ASK,PRIVATE,AC,2019-10-31 16:49:00,2019-10-31 21:32:00,9.5,283.0,128.349,norway_residential
ASK_16724,NO_ASK,PRIVATE,AC,2019-10-31 17:15:00,2019-11-01 08:02:00,4.68,887.0,806.4,norway_residential
ASK_16728,NO_ASK,PRIVATE,AC,2019-10-31 17:53:00,2019-11-01 07:02:00,9.11,789.0,708.66,norway_residential
ASK_16732,NO_ASK,PRIVATE,AC,2019-10-31 19:30:00,2019-11-01 12:33:00,5.41,1023.0,928.761,norway_residential
ASK_16733,NO_ASK,PRIVATE,AC,2019-10-31 19:33:00,2019-11-01 08:08:00,5.96,755.0,653.961,norway_residential
ASK_16734,NO_ASK,PRIVATE,AC,2019-10-31 19:46:00,2019-10-31 21:55:00,11.86,129.0,30.796,norway_residential
ASK_16740,NO_ASK,PRIVATE,AC,2019-10-31 21:01:00,2019-11-01 08:04:00,5.16,663.0,566.699,norway_residential
ASK_16744,NO_ASK,PRIVATE,AC,2019-10-31 21:53:00,2019-11-01 07:30:00,3.07,577.0,527.023,norway_residential
BAR_14173,NO_BAR,PRIVATE,AC,2019-09-01 14:15:00,2019-09-02 17:33:00,17.9,1638.0,1344.732,norway_residential
BAR_14185,NO_BAR,PRIVATE,AC,2019-09-01 16:46:00,2019-09-02 06:29:00,10.7,823.0,648.336,norway_residential
BAR_14191,NO_BAR,PRIVATE,AC,2019-09-01 18:08:00,2019-09-02 08:58:00,16.46,890.0,608.15,norway_residential
BAR_14197,NO_BAR,PRIVATE,AC,2019-09-01 21:15:00,2019-09-02 17:16:00,3.17,1201.0,1175.393,norway_residential
BAR_14246,NO_BAR,PRIVATE,AC,2019-09-03 16:57:00,2019-09-04 07:31:00,3.26,874.0,807.503,norway_residential
BAR_14250,NO_BAR,PRIVATE,AC,2019-09-03 18:52:00,2019-09-04 09:32:00,12.58,880.0,664.589,norway_residential
BAR_14260,NO_BAR,PRIVATE,AC,2019-09-03 21:41:00,2019-09-04 06:53:00,8.7,552.0,409.984,norway_residential
BAR_14271,NO_BAR,PRIVATE,AC,2019-09-04 08:11:00,2019-09-04 14:06:00,10.16,355.0,272.928,norway_residential
BAR_14276,NO_BAR,PRIVATE,AC,2019-09-04 15:45:00,2019-09-05 07:02:00,7.23,917.0,792.803,norway_residential
BAR_14281,NO_BAR,PRIVATE,AC,2019-09-04 17:05:00,2019-09-05 07:26:00,3.35,861.0,792.667,norway_residential
BAR_14287,NO_BAR,PRIVATE,AC,2019-09-04 20:18:00,2019-09-05 06:59:00,14.72,641.0,400.714,norway_residential
BAR_14291,NO_BAR,PRIVATE,AC,2019-09-04 21:05:00,2019-09-05 11:42:00,11.44,877.0,681.11,norway_residential
BAR_14300,NO_BAR,PRIVATE,AC,2019-09-04 23:23:00,2019-09-05 06:41:00,31.33,438.0,184.916,norway_residential
BAR_14307,NO_BAR,PRIVATE,AC,2019-09-05 15:48:00,2019-09-06 06:31:00,2.28,883.0,843.835,norway_residential
BAR_14309,NO_BAR,PRIVATE,AC,2019-09-05 15:54:00,2019-09-05 19:26:00,4.57,212.0,175.084,norway_residential
BAR_14316,NO_BAR,PRIVATE,AC,2019-09-05 17:05:00,2019-09-06 07:32:00,2.88,867.0,808.254,norway_residential
BAR_14348,NO_BAR,PRIVATE,AC,2019-09-06 15:24:00,2019-09-06 20:49:00,29.53,325.0,86.457,norway_residential
BAR_14350,NO_BAR,PRIVATE,AC,2019-09-06 15:43:00,2019-09-07 06:38:00,5.77,895.0,795.884,norway_residential
BAR_14357,NO_BAR,PRIVATE,AC,2019-09-06 17:02:00,2019-09-06 18:44:00,3.36,102.0,33.463,norway_residential
BAR_14369,NO_BAR,PRIVATE,AC,2019-09-06 19:26:00,2019-09-07 14:08:00,0.91,1122.0,1103.438,norway_residential
BAR_14383,NO_BAR,PRIVATE,AC,2019-09-07 08:58:00,2019-09-07 10:05:00,3.53,67.0,38.485,norway_residential
BAR_14392,NO_BAR,PRIVATE,AC,2019-09-07 15:24:00,2019-09-09 07:27:00,1.87,2403.0,2364.856,norway_residential
BAR_14394,NO_BAR,PRIVATE,AC,2019-09-07 16:07:00,2019-09-09 08:09:00,17.03,2402.0,2122.985,norway_residential
BAR_14395,NO_BAR,PRIVATE,AC,2019-09-07 16:31:00,2019-09-09 06:37:00,3.73,2286.0,2221.926,norway_residential
BAR_14402,NO_BAR,PRIVATE,AC,2019-09-07 18:06:00,2019-09-07 18:25:00,1.04,19.0,2.023,norway_residential
BAR_14404,NO_BAR,PRIVATE,AC,2019-09-07 18:34:00,2019-09-07 19:34:00,3.55,60.0,2.051,norway_residential
BAR_14408,NO_BAR,PRIVATE,AC,2019-09-07 19:52:00,2019-09-07 20:35:00,2.55,43.0,1.374,norway_residential
BAR_14423,NO_BAR,PRIVATE,AC,2019-09-08 14:49:00,2019-09-08 19:30:00,12.43,281.0,78.096,norway_residential
BAR_14444,NO_BAR,PRIVATE,AC,2019-09-08 23:35:00,2019-09-09 10:48:00,24.08,673.0,478.482,norway_residential
BAR_14452,NO_BAR,PRIVATE,AC,2019-09-09 14:45:00,2019-09-09 15:21:00,4.27,36.0,1.507,norway_residential
BAR_14457,NO_BAR,PRIVATE,AC,2019-09-09 16:13:00,2019-09-10 09:08:00,18.98,1015.0,690.0,norway_residential
BAR_14460,NO_BAR,PRIVATE,AC,2019-09-09 16:52:00,2019-09-10 07:35:00,3.23,883.0,817.115,norway_residential
BAR_14492,NO_BAR,PRIVATE,AC,2019-09-10 15:48:00,2019-09-11 06:39:00,17.49,891.0,604.449,norway_residential
BAR_14500,NO_BAR,PRIVATE,AC,2019-09-10 16:28:00,2019-09-11 07:30:00,2.93,902.0,842.234,norway_residential
BAR_14508,NO_BAR,PRIVATE,AC,2019-09-10 18:33:00,2019-09-11 06:36:00,5.35,723.0,631.098,norway_residential
BAR_14530,NO_BAR,PRIVATE,AC,2019-09-11 15:46:00,2019-09-12 10:09:00,16.16,1103.0,826.287,norway_residential
BAR_14541,NO_BAR,PRIVATE,AC,2019-09-11 17:00:00,2019-09-12 07:36:00,3.32,876.0,808.279,norway_residential
BAR_14543,NO_BAR,PRIVATE,AC,2019-09-11 17:48:00,2019-09-12 06:32:00,8.57,764.0,616.785,norway_residential
BAR_14557,NO_BAR,PRIVATE,AC,2019-09-11 20:45:00,2019-09-11 22:00:00,4.45,75.0,2.359,norway_residential
BAR_14563,NO_BAR,PRIVATE,AC,2019-09-11 22:16:00,2019-09-13 17:08:00,13.25,2572.0,2355.711,norway_residential
BAR_14586,NO_BAR,PRIVATE,AC,2019-09-12 17:08:00,2019-09-13 07:32:00,3.29,864.0,796.891,norway_residential
BAR_14614,NO_BAR,PRIVATE,AC,2019-09-13 15:25:00,2019-09-16 09:48:00,6.29,3983.0,3874.951,norway_residential
BAR_14617,NO_BAR,PRIVATE,AC,2019-09-13 16:17:00,2019-09-16 11:27:00,15.96,4030.0,3756.713,norway_residential
BAR_14625,NO_BAR,PRIVATE,AC,2019-09-13 17:09:00,2019-09-14 15:33:00,2.88,1344.0,1285.254,norway_residential
BAR_14627,NO_BAR,PRIVATE,AC,2019-09-13 17:48:00,2019-09-14 10:12:00,28.94,984.0,509.856,norway_residential
BAR_14664,NO_BAR,PRIVATE,AC,2019-09-14 17:49:00,2019-09-15 15:47:00,1.11,1318.0,1295.358,norway_residential
BAR_14689,NO_BAR,PRIVATE,AC,2019-09-15 14:01:00,2019-09-15 16:13:00,7.96,132.0,2.063,norway_residential
BAR_14718,NO_BAR,PRIVATE,AC,2019-09-16 12:53:00,2019-09-16 17:38:00,2.97,285.0,233.982,norway_residential
BAR_14739,NO_BAR,PRIVATE,AC,2019-09-16 20:17:00,2019-09-17 09:32:00,9.42,795.0,633.699,norway_residential
BAR_14742,NO_BAR,PRIVATE,AC,2019-09-16 21:02:00,2019-09-17 07:12:00,25.02,610.0,201.58,norway_residential
BAR_14743,NO_BAR,PRIVATE,AC,2019-09-16 21:22:00,2019-09-19 07:00:00,7.32,3458.0,3332.257,norway_residential
BAR_14771,NO_BAR,PRIVATE,AC,2019-09-17 17:34:00,2019-09-18 06:25:00,22.22,771.0,406.954,norway_residential
BAR_14778,NO_BAR,PRIVATE,AC,2019-09-17 19:29:00,2019-09-18 07:27:00,3.38,718.0,649.055,norway_residential
BAR_14785,NO_BAR,PRIVATE,AC,2019-09-17 20:52:00,2019-09-18 08:17:00,17.06,685.0,392.877,norway_residential
BAR_14797,NO_BAR,PRIVATE,AC,2019-09-18 11:54:00,2019-09-18 12:24:00,3.49,30.0,1.808,norway_residential
BAR_14804,NO_BAR,PRIVATE,AC,2019-09-18 15:43:00,2019-09-19 06:44:00,22.23,901.0,520.35,norway_residential
BAR_14810,NO_BAR,PRIVATE,AC,2019-09-18 17:11:00,2019-09-19 07:28:00,3.23,857.0,791.114,norway_residential
BAR_14820,NO_BAR,PRIVATE,AC,2019-09-18 20:26:00,2019-09-19 07:00:00,14.23,634.0,401.713,norway_residential
BAR_14822,NO_BAR,PRIVATE,AC,2019-09-18 20:45:00,2019-09-19 17:14:00,30.35,1229.0,983.833,norway_residential
BAR_14847,NO_BAR,PRIVATE,AC,2019-09-19 17:15:00,2019-09-20 07:32:00,3.65,857.0,782.547,norway_residential
BAR_14858,NO_BAR,PRIVATE,AC,2019-09-19 19:02:00,2019-09-20 06:23:00,5.31,681.0,589.785,norway_residential
BAR_14862,NO_BAR,PRIVATE,AC,2019-09-19 20:09:00,2019-09-21 13:05:00,6.5,2456.0,2403.493,norway_residential
BAR_14891,NO_BAR,PRIVATE,AC,2019-09-20 16:54:00,2019-09-23 07:25:00,3.61,3751.0,3677.363,norway_residential
BAR_14890,NO_BAR,PRIVATE,AC,2019-09-20 16:54:00,2019-09-21 10:41:00,5.74,1067.0,968.399,norway_residential
BAR_14903,NO_BAR,PRIVATE,AC,2019-09-20 20:45:00,2019-09-21 10:39:00,12.89,834.0,623.587,norway_residential
BAR_14928,NO_BAR,PRIVATE,AC,2019-09-21 17:00:00,2019-09-21 17:17:00,1.88,17.0,1.813,norway_residential
BAR_14942,NO_BAR,PRIVATE,AC,2019-09-22 00:30:00,2019-09-22 13:42:00,46.19,792.0,35.237,norway_residential
BAR_14963,NO_BAR,PRIVATE,AC,2019-09-22 17:12:00,2019-09-23 06:28:00,7.52,796.0,666.822,norway_residential
BAR_14969,NO_BAR,PRIVATE,AC,2019-09-22 18:44:00,2019-09-23 15:19:00,25.1,1235.0,823.769,norway_residential
BAR_14986,NO_BAR,PRIVATE,AC,2019-09-22 23:07:00,2019-09-23 12:13:00,31.75,786.0,529.524,norway_residential
BAR_15001,NO_BAR,PRIVATE,AC,2019-09-23 15:45:00,2019-09-24 08:56:00,5.73,1031.0,932.57,norway_residential
BAR_15004,NO_BAR,PRIVATE,AC,2019-09-23 16:53:00,2019-09-24 07:32:00,2.5,879.0,828.005,norway_residential
BAR_15025,NO_BAR,PRIVATE,AC,2019-09-23 22:09:00,2019-09-24 06:32:00,5.83,503.0,455.905,norway_residential
BAR_15032,NO_BAR,PRIVATE,AC,2019-09-24 13:25:00,2019-09-25 06:24:00,4.29,1019.0,945.307,norway_residential
BAR_15037,NO_BAR,PRIVATE,AC,2019-09-24 15:34:00,2019-09-24 17:28:00,3.76,114.0,83.627,norway_residential
BAR_15040,NO_BAR,PRIVATE,AC,2019-09-24 16:28:00,2019-09-25 08:00:00,20.4,932.0,597.772,norway_residential
BAR_15043,NO_BAR,PRIVATE,AC,2019-09-24 16:49:00,2019-09-25 07:30:00,3.39,881.0,811.851,norway_residential
BAR_15058,NO_BAR,PRIVATE,AC,2019-09-24 19:55:00,2019-09-25 09:14:00,4.48,799.0,762.811,norway_residential
BAR_15066,NO_BAR,PRIVATE,AC,2019-09-24 21:36:00,2019-09-25 09:10:00,24.55,694.0,273.623,norway_residential
BAR_15095,NO_BAR,PRIVATE,AC,2019-09-25 17:03:00,2019-09-26 07:34:00,2.48,871.0,820.413,norway_residential
BAR_15105,NO_BAR,PRIVATE,AC,2019-09-25 19:21:00,2019-09-26 07:00:00,7.94,699.0,562.607,norway_residential
BAR_15123,NO_BAR,PRIVATE,AC,2019-09-26 08:16:00,2019-09-26 12:19:00,11.0,243.0,154.142,norway_residential
BAR_15132,NO_BAR,PRIVATE,AC,2019-09-26 15:50:00,2019-09-27 06:26:00,2.11,876.0,839.755,norway_residential
BAR_15136,NO_BAR,PRIVATE,AC,2019-09-26 17:01:00,2019-09-27 07:26:00,2.64,865.0,811.149,norway_residential
BAR_15139,NO_BAR,PRIVATE,AC,2019-09-26 17:45:00,2019-09-27 07:06:00,18.19,801.0,502.98,norway_residential
BAR_15161,NO_BAR,PRIVATE,AC,2019-09-27 09:23:00,2019-09-27 12:35:00,22.43,192.0,10.811,norway_residential
BAR_15163,NO_BAR,PRIVATE,AC,2019-09-27 12:04:00,2019-09-27 13:47:00,5.92,103.0,6.009,norway_residential
BAR_15169,NO_BAR,PRIVATE,AC,2019-09-27 16:05:00,2019-09-28 11:48:00,5.85,1183.0,1036.75,norway_residential
BAR_15173,NO_BAR,PRIVATE,AC,2019-09-27 16:44:00,2019-09-28 04:45:00,27.86,721.0,264.55,norway_residential
BAR_15176,NO_BAR,PRIVATE,AC,2019-09-27 17:04:00,2019-09-30 07:44:00,3.77,3760.0,3683.1,norway_residential
BAR_15178,NO_BAR,PRIVATE,AC,2019-09-27 17:19:00,2019-09-27 17:47:00,3.03,28.0,3.524,norway_residential
BAR_15202,NO_BAR,PRIVATE,AC,2019-09-28 08:32:00,2019-09-28 09:12:00,2.59,40.0,19.078,norway_residential
BAR_15210,NO_BAR,PRIVATE,AC,2019-09-28 13:49:00,2019-09-29 13:24:00,6.72,1415.0,1247.0,norway_residential
BAR_15243,NO_BAR,PRIVATE,AC,2019-09-29 12:24:00,2019-09-29 15:08:00,5.84,164.0,64.596,norway_residential
BAR_15253,NO_BAR,PRIVATE,AC,2019-09-29 17:25:00,2019-09-30 06:36:00,3.51,791.0,731.255,norway_residential
BAR_15269,NO_BAR,PRIVATE,AC,2019-09-29 22:15:00,2019-09-30 06:44:00,27.0,509.0,290.894,norway_residential
BAR_15279,NO_BAR,PRIVATE,AC,2019-09-30 15:44:00,2019-10-01 06:39:00,5.68,895.0,798.319,norway_residential
BAR_15281,NO_BAR,PRIVATE,AC,2019-09-30 16:33:00,2019-10-01 06:22:00,6.4,829.0,719.062,norway_residential
BAR_15283,NO_BAR,PRIVATE,AC,2019-09-30 17:01:00,2019-10-01 07:36:00,4.36,875.0,786.064,norway_residential
BAR_15285,NO_BAR,PRIVATE,AC,2019-09-30 17:05:00,2019-10-01 16:14:00,10.5,1389.0,1126.5,norway_residential
BAR_15293,NO_BAR,PRIVATE,AC,2019-09-30 18:05:00,2019-09-30 22:53:00,0.96,288.0,272.329,norway_residential
BAR_15295,NO_BAR,PRIVATE,AC,2019-09-30 18:50:00,2019-10-01 06:49:00,10.13,719.0,637.17,norway_residential
BAR_15304,NO_BAR,PRIVATE,AC,2019-09-30 23:14:00,2019-10-01 06:39:00,1.26,445.0,424.432,norway_residential
BAR_15318,NO_BAR,PRIVATE,AC,2019-10-01 15:29:00,2019-10-02 06:43:00,5.25,914.0,824.638,norway_residential
BAR_15324,NO_BAR,PRIVATE,AC,2019-10-01 17:07:00,2019-10-02 14:37:00,4.08,1290.0,1206.776,norway_residential
BAR_15332,NO_BAR,PRIVATE,AC,2019-10-01 20:18:00,2019-10-02 06:43:00,8.64,625.0,483.963,norway_residential
BAR_15338,NO_BAR,PRIVATE,AC,2019-10-01 20:59:00,2019-10-02 06:53:00,31.04,594.0,343.259,norway_residential
BAR_15353,NO_BAR,PRIVATE,AC,2019-10-02 13:55:00,2019-10-03 09:42:00,21.04,1187.0,826.726,norway_residential
BAR_15356,NO_BAR,PRIVATE,AC,2019-10-02 15:30:00,2019-10-03 06:42:00,5.71,912.0,814.809,norway_residential
BAR_15363,NO_BAR,PRIVATE,AC,2019-10-02 18:08:00,2019-10-03 10:29:00,3.86,981.0,902.264,norway_residential
BAR_15366,NO_BAR,PRIVATE,AC,2019-10-02 18:34:00,2019-10-03 09:46:00,6.97,912.0,855.696,norway_residential
BAR_15367,NO_BAR,PRIVATE,AC,2019-10-02 18:51:00,2019-10-02 20:55:00,2.24,124.0,87.435,norway_residential
BAR_15370,NO_BAR,PRIVATE,AC,2019-10-02 18:58:00,2019-10-03 06:26:00,11.09,688.0,497.497,norway_residential
BAR_15380,NO_BAR,PRIVATE,AC,2019-10-02 21:12:00,2019-10-03 06:57:00,1.7,585.0,557.25,norway_residential
BAR_15392,NO_BAR,PRIVATE,AC,2019-10-03 12:26:00,2019-10-06 12:55:00,2.34,4349.0,4301.268,norway_residential
BAR_15397,NO_BAR,PRIVATE,AC,2019-10-03 15:28:00,2019-10-05 14:57:00,5.89,2849.0,2748.744,norway_residential
BAR_15401,NO_BAR,PRIVATE,AC,2019-10-03 17:25:00,2019-10-03 20:00:00,9.36,155.0,2.21,norway_residential
BAR_15406,NO_BAR,PRIVATE,AC,2019-10-03 18:22:00,2019-10-04 09:11:00,17.01,889.0,597.733,norway_residential
BAR_15410,NO_BAR,PRIVATE,AC,2019-10-03 20:19:00,2019-10-04 06:21:00,9.11,602.0,445.509,norway_residential
BAR_15412,NO_BAR,PRIVATE,AC,2019-10-03 20:40:00,2019-10-04 06:59:00,12.88,619.0,408.751,norway_residential
BAR_15421,NO_BAR,PRIVATE,AC,2019-10-04 00:02:00,2019-10-04 07:19:00,29.81,437.0,196.195,norway_residential
BAR_15454,NO_BAR,PRIVATE,AC,2019-10-05 16:22:00,2019-10-07 06:48:00,5.34,2306.0,2215.106,norway_residential
BAR_15456,NO_BAR,PRIVATE,AC,2019-10-05 16:42:00,2019-10-07 06:32:00,10.31,2270.0,2092.895,norway_residential
BAR_15465,NO_BAR,PRIVATE,AC,2019-10-05 19:03:00,2019-10-06 00:33:00,19.8,330.0,5.603,norway_residential
BAR_15471,NO_BAR,PRIVATE,AC,2019-10-05 21:02:00,2019-10-06 13:04:00,13.31,962.0,629.25,norway_residential
BAR_15477,NO_BAR,PRIVATE,AC,2019-10-06 00:37:00,2019-10-06 07:18:00,23.07,401.0,23.028,norway_residential
BAR_15496,NO_BAR,PRIVATE,AC,2019-10-06 17:59:00,2019-10-08 10:08:00,4.84,2409.0,2310.274,norway_residential
BAR_15509,NO_BAR,PRIVATE,AC,2019-10-06 20:50:00,2019-10-07 06:56:00,3.5,606.0,548.867,norway_residential
BAR_15515,NO_BAR,PRIVATE,AC,2019-10-06 21:48:00,2019-10-07 06:44:00,29.04,536.0,60.217,norway_residential
BAR_15521,NO_BAR,PRIVATE,AC,2019-10-07 06:57:00,2019-10-07 15:20:00,30.36,503.0,7.411,norway_residential
BAR_15524,NO_BAR,PRIVATE,AC,2019-10-07 12:41:00,2019-10-07 12:50:00,1.03,9.0,0.68,norway_residential
BAR_15530,NO_BAR,PRIVATE,AC,2019-10-07 15:25:00,2019-10-07 17:31:00,2.64,126.0,82.905,norway_residential
BAR_15531,NO_BAR,PRIVATE,AC,2019-10-07 15:35:00,2019-10-08 06:45:00,6.54,910.0,798.681,norway_residential
BAR_15532,NO_BAR,PRIVATE,AC,2019-10-07 16:03:00,2019-10-08 06:52:00,20.47,889.0,553.626,norway_residential
BAR_15533,NO_BAR,PRIVATE,AC,2019-10-07 16:23:00,2019-10-08 09:22:00,16.62,1019.0,734.411,norway_residential
BAR_15547,NO_BAR,PRIVATE,AC,2019-10-07 20:39:00,2019-10-08 06:35:00,9.1,596.0,439.681,norway_residential
BAR_15552,NO_BAR,PRIVATE,AC,2019-10-07 21:31:00,2019-10-11 06:59:00,18.78,4888.0,4581.441,norway_residential
BAR_15560,NO_BAR,PRIVATE,AC,2019-10-08 11:32:00,2019-10-09 16:10:00,2.62,1718.0,1664.557,norway_residential
BAR_15561,NO_BAR,PRIVATE,AC,2019-10-08 11:34:00,2019-10-08 14:21:00,20.24,167.0,3.501,norway_residential
BAR_15564,NO_BAR,PRIVATE,AC,2019-10-08 13:48:00,2019-10-09 07:11:00,15.36,1043.0,791.346,norway_residential
BAR_15567,NO_BAR,PRIVATE,AC,2019-10-08 15:44:00,2019-10-09 06:47:00,6.64,903.0,789.979,norway_residential
BAR_15571,NO_BAR,PRIVATE,AC,2019-10-08 16:21:00,2019-10-09 06:29:00,6.06,848.0,743.902,norway_residential
BAR_15576,NO_BAR,PRIVATE,AC,2019-10-08 17:19:00,2019-10-09 17:11:00,11.13,1432.0,1153.75,norway_residential
BAR_15605,NO_BAR,PRIVATE,AC,2019-10-09 06:35:00,2019-10-09 06:56:00,2.42,21.0,1.451,norway_residential
BAR_15621,NO_BAR,PRIVATE,AC,2019-10-09 14:55:00,2019-10-10 09:34:00,14.15,1119.0,876.705,norway_residential
BAR_15626,NO_BAR,PRIVATE,AC,2019-10-09 15:36:00,2019-10-09 18:01:00,6.63,145.0,32.149,norway_residential
BAR_15628,NO_BAR,PRIVATE,AC,2019-10-09 15:44:00,2019-10-10 06:29:00,8.94,885.0,731.429,norway_residential
BAR_15637,NO_BAR,PRIVATE,AC,2019-10-09 16:47:00,2019-10-10 11:42:00,0.97,1135.0,1115.214,norway_residential
BAR_15642,NO_BAR,PRIVATE,AC,2019-10-09 18:19:00,2019-10-10 06:35:00,25.43,736.0,319.363,norway_residential
BAR_15644,NO_BAR,PRIVATE,AC,2019-10-09 18:55:00,2019-10-10 06:44:00,3.48,709.0,649.766,norway_residential
BAR_15672,NO_BAR,PRIVATE,AC,2019-10-10 06:26:00,2019-10-10 06:55:00,3.59,29.0,,norway_residential
BAR_15684,NO_BAR,PRIVATE,AC,2019-10-10 15:52:00,2019-10-11 06:46:00,6.73,894.0,779.447,norway_residential
BAR_15690,NO_BAR,PRIVATE,AC,2019-10-10 16:39:00,2019-10-11 11:07:00,4.58,1108.0,1014.577,norway_residential
BAR_15691,NO_BAR,PRIVATE,AC,2019-10-10 16:46:00,2019-10-11 06:26:00,6.82,820.0,702.847,norway_residential
BAR_15694,NO_BAR,PRIVATE,AC,2019-10-10 17:05:00,2019-10-11 06:21:00,27.05,796.0,577.49,norway_residential
BAR_15697,NO_BAR,PRIVATE,AC,2019-10-10 17:32:00,2019-10-11 09:32:00,23.99,960.0,549.212,norway_residential
BAR_15700,NO_BAR,PRIVATE,AC,2019-10-10 18:24:00,2019-10-11 17:06:00,50.01,1362.0,542.651,norway_residential
BAR_15730,NO_BAR,PRIVATE,AC,2019-10-11 12:24:00,2019-10-16 06:33:00,9.71,6849.0,6682.202,norway_residential
BAR_15734,NO_BAR,PRIVATE,AC,2019-10-11 15:00:00,2019-10-12 16:26:00,5.86,1526.0,1426.255,norway_residential
BAR_15740,NO_BAR,PRIVATE,AC,2019-10-11 15:35:00,2019-10-12 09:37:00,12.8,1082.0,862.822,norway_residential
BAR_15747,NO_BAR,PRIVATE,AC,2019-10-11 16:48:00,2019-10-14 07:30:00,2.48,3762.0,3711.413,norway_residential
BAR_15753,NO_BAR,PRIVATE,AC,2019-10-11 18:57:00,2019-10-12 09:18:00,3.24,861.0,808.111,norway_residential
BAR_15757,NO_BAR,PRIVATE,AC,2019-10-11 20:25:00,2019-10-12 14:04:00,29.64,1059.0,819.568,norway_residential
BAR_15788,NO_BAR,PRIVATE,AC,2019-10-12 16:05:00,2019-10-12 19:25:00,7.43,200.0,78.715,norway_residential
BAR_15804,NO_BAR,PRIVATE,AC,2019-10-12 19:05:00,2019-10-13 13:38:00,6.42,1113.0,1003.723,norway_residential
BAR_15807,NO_BAR,PRIVATE,AC,2019-10-12 19:32:00,2019-10-13 17:39:00,14.3,1327.0,969.5,norway_residential
BAR_15812,NO_BAR,PRIVATE,AC,2019-10-12 20:16:00,2019-10-13 09:13:00,2.59,777.0,734.722,norway_residential
BAR_15843,NO_BAR,PRIVATE,AC,2019-10-13 14:53:00,2019-10-14 06:45:00,1.96,952.0,918.638,norway_residential
BAR_15857,NO_BAR,PRIVATE,AC,2019-10-13 17:54:00,2019-10-14 07:10:00,14.59,796.0,557.837,norway_residential
BAR_15877,NO_BAR,PRIVATE,AC,2019-10-14 09:21:00,2019-10-14 09:39:00,2.19,18.0,0.309,norway_residential
BAR_15882,NO_BAR,PRIVATE,AC,2019-10-14 12:18:00,2019-10-15 12:37:00,8.3,1459.0,1391.953,norway_residential
BAR_15890,NO_BAR,PRIVATE,AC,2019-10-14 15:36:00,2019-10-15 06:45:00,6.0,909.0,806.872,norway_residential
BAR_15896,NO_BAR,PRIVATE,AC,2019-10-14 16:55:00,2019-10-15 07:30:00,4.53,875.0,782.597,norway_residential
BAR_15926,NO_BAR,PRIVATE,AC,2019-10-15 12:21:00,2019-10-15 19:52:00,21.54,451.0,82.164,norway_residential
BAR_15937,NO_BAR,PRIVATE,AC,2019-10-15 15:46:00,2019-10-16 06:45:00,6.73,899.0,784.447,norway_residential
BAR_15944,NO_BAR,PRIVATE,AC,2019-10-15 17:06:00,2019-10-16 07:28:00,4.89,862.0,762.254,norway_residential
BAR_15961,NO_BAR,PRIVATE,AC,2019-10-15 20:52:00,2019-10-16 08:15:00,1.62,683.0,655.26,norway_residential
BAR_15979,NO_BAR,PRIVATE,AC,2019-10-16 15:25:00,2019-10-16 19:30:00,6.56,245.0,192.008,norway_residential
BAR_15983,NO_BAR,PRIVATE,AC,2019-10-16 15:48:00,2019-10-17 06:44:00,6.69,896.0,782.127,norway_residential
BAR_15985,NO_BAR,PRIVATE,AC,2019-10-16 16:08:00,2019-10-17 07:37:00,24.04,929.0,517.356,norway_residential
BAR_15994,NO_BAR,PRIVATE,AC,2019-10-16 17:04:00,2019-10-17 07:30:00,4.3,866.0,778.288,norway_residential
BAR_15997,NO_BAR,PRIVATE,AC,2019-10-16 17:23:00,2019-10-17 17:23:00,25.49,1440.0,1022.379,norway_residential
BAR_16012,NO_BAR,PRIVATE,AC,2019-10-16 20:34:00,2019-10-17 06:59:00,21.18,625.0,279.264,norway_residential
BAR_16033,NO_BAR,PRIVATE,AC,2019-10-17 15:33:00,2019-10-17 17:31:00,5.66,118.0,21.66,norway_residential
BAR_16041,NO_BAR,PRIVATE,AC,2019-10-17 17:06:00,2019-10-18 07:33:00,3.96,867.0,786.224,norway_residential
BAR_16044,NO_BAR,PRIVATE,AC,2019-10-17 17:58:00,2019-10-18 06:44:00,4.5,766.0,689.404,norway_residential
BAR_16055,NO_BAR,PRIVATE,AC,2019-10-17 20:14:00,2019-10-18 06:55:00,13.78,641.0,416.059,norway_residential
BAR_16076,NO_BAR,PRIVATE,AC,2019-10-18 12:03:00,2019-10-18 13:07:00,7.32,64.0,4.869,norway_residential
BAR_16077,NO_BAR,PRIVATE,AC,2019-10-18 12:08:00,2019-10-20 12:22:00,14.07,2894.0,2663.481,norway_residential
BAR_16083,NO_BAR,PRIVATE,AC,2019-10-18 15:34:00,2019-10-19 10:11:00,6.18,1117.0,1011.809,norway_residential
BAR_16092,NO_BAR,PRIVATE,AC,2019-10-18 16:57:00,2019-10-21 07:33:00,3.87,3756.0,3677.06,norway_residential
BAR_16094,NO_BAR,PRIVATE,AC,2019-10-18 17:25:00,2019-10-19 16:58:00,8.15,1413.0,1209.25,norway_residential
BAR_16103,NO_BAR,PRIVATE,AC,2019-10-18 18:42:00,2019-10-18 19:00:00,1.96,18.0,2.167,norway_residential
BAR_16105,NO_BAR,PRIVATE,AC,2019-10-18 19:38:00,2019-10-19 14:10:00,29.89,1112.0,870.549,norway_residential
BAR_16119,NO_BAR,PRIVATE,AC,2019-10-19 11:21:00,2019-10-19 12:41:00,4.79,80.0,1.809,norway_residential
BAR_16126,NO_BAR,PRIVATE,AC,2019-10-19 13:32:00,2019-10-19 17:00:00,10.89,208.0,30.235,norway_residential
BAR_16129,NO_BAR,PRIVATE,AC,2019-10-19 14:54:00,2019-10-21 06:48:00,6.73,2394.0,2279.447,norway_residential
BAR_16142,NO_BAR,PRIVATE,AC,2019-10-19 19:15:00,2019-10-20 17:06:00,21.46,1311.0,943.534,norway_residential
BAR_16161,NO_BAR,PRIVATE,AC,2019-10-20 11:42:00,2019-10-20 11:47:00,0.2,5.0,,norway_residential
BAR_16162,NO_BAR,PRIVATE,AC,2019-10-20 11:47:00,2019-10-20 16:00:00,9.32,253.0,20.0,norway_residential
BAR_16165,NO_BAR,PRIVATE,AC,2019-10-20 14:10:00,2019-10-20 15:12:00,3.72,62.0,1.276,norway_residential
BAR_16176,NO_BAR,PRIVATE,AC,2019-10-20 16:48:00,2019-10-21 07:39:00,23.44,891.0,701.652,norway_residential
BAR_16186,NO_BAR,PRIVATE,AC,2019-10-20 18:43:00,2019-10-21 07:09:00,20.32,746.0,414.302,norway_residential
BAR_16188,NO_BAR,PRIVATE,AC,2019-10-20 19:23:00,2019-10-21 20:22:00,48.8,1499.0,699.475,norway_residential
BAR_16216,NO_BAR,PRIVATE,AC,2019-10-21 15:48:00,2019-10-22 06:44:00,6.49,896.0,785.532,norway_residential
BAR_16222,NO_BAR,PRIVATE,AC,2019-10-21 16:37:00,2019-10-22 13:17:00,5.65,1240.0,1124.751,norway_residential
BAR_16227,NO_BAR,PRIVATE,AC,2019-10-21 17:42:00,2019-10-22 07:34:00,10.01,832.0,751.139,norway_residential
BAR_16230,NO_BAR,PRIVATE,AC,2019-10-21 18:26:00,2019-10-22 06:53:00,6.37,747.0,643.018,norway_residential
BAR_16262,NO_BAR,PRIVATE,AC,2019-10-22 15:26:00,2019-10-22 17:42:00,4.35,136.0,100.861,norway_residential
BAR_16265,NO_BAR,PRIVATE,AC,2019-10-22 15:34:00,2019-10-23 06:48:00,5.91,914.0,813.404,norway_residential
BAR_16273,NO_BAR,PRIVATE,AC,2019-10-22 16:49:00,2019-10-23 16:07:00,3.14,1398.0,1333.95,norway_residential
BAR_16276,NO_BAR,PRIVATE,AC,2019-10-22 17:31:00,2019-10-23 08:54:00,20.59,923.0,570.431,norway_residential
BAR_16286,NO_BAR,PRIVATE,AC,2019-10-22 19:25:00,2019-10-23 07:00:00,5.09,695.0,611.912,norway_residential
BAR_16289,NO_BAR,PRIVATE,AC,2019-10-22 19:37:00,2019-10-23 06:26:00,6.28,649.0,541.123,norway_residential
BAR_16311,NO_BAR,PRIVATE,AC,2019-10-23 11:39:00,2019-10-23 14:21:00,19.72,162.0,2.702,norway_residential
BAR_16319,NO_BAR,PRIVATE,AC,2019-10-23 15:37:00,2019-10-24 06:44:00,5.76,907.0,808.958,norway_residential
BAR_16320,NO_BAR,PRIVATE,AC,2019-10-23 15:57:00,2019-10-24 06:05:00,11.03,848.0,667.288,norway_residential
BAR_16323,NO_BAR,PRIVATE,AC,2019-10-23 16:06:00,2019-10-24 06:27:00,6.56,861.0,748.313,norway_residential
BAR_16325,NO_BAR,PRIVATE,AC,2019-10-23 16:42:00,2019-10-25 07:36:00,0.84,2334.0,2316.866,norway_residential
BAR_16344,NO_BAR,PRIVATE,AC,2019-10-23 21:15:00,2019-10-24 07:05:00,11.65,590.0,399.828,norway_residential
BAR_16355,NO_BAR,PRIVATE,AC,2019-10-24 06:15:00,2019-10-24 19:49:00,17.45,814.0,528.105,norway_residential
BAR_16368,NO_BAR,PRIVATE,AC,2019-10-24 15:34:00,2019-10-25 06:33:00,11.2,899.0,808.526,norway_residential
BAR_16369,NO_BAR,PRIVATE,AC,2019-10-24 15:36:00,2019-10-25 06:45:00,6.51,909.0,798.191,norway_residential
BAR_16371,NO_BAR,PRIVATE,AC,2019-10-24 16:05:00,2019-10-25 11:42:00,16.99,1177.0,886.076,norway_residential
BAR_16393,NO_BAR,PRIVATE,AC,2019-10-24 19:57:00,2019-10-25 07:13:00,10.87,676.0,497.909,norway_residential
BAR_16420,NO_BAR,PRIVATE,AC,2019-10-25 15:54:00,2019-10-26 13:45:00,6.09,1311.0,1207.34,norway_residential
BAR_16424,NO_BAR,PRIVATE,AC,2019-10-25 16:50:00,2019-10-28 07:30:00,3.92,3760.0,3680.04,norway_residential
BAR_16427,NO_BAR,PRIVATE,AC,2019-10-25 17:18:00,2019-10-26 11:09:00,1.72,1071.0,1042.923,norway_residential
BAR_16429,NO_BAR,PRIVATE,AC,2019-10-25 18:06:00,2019-10-26 09:34:00,49.84,928.0,111.436,norway_residential
BAR_16454,NO_BAR,PRIVATE,AC,2019-10-26 09:16:00,2019-10-26 13:44:00,16.73,268.0,132.855,norway_residential
BAR_16455,NO_BAR,PRIVATE,AC,2019-10-26 10:56:00,2019-10-28 07:28:00,32.48,2672.0,2139.857,norway_residential
BAR_16467,NO_BAR,PRIVATE,AC,2019-10-26 14:50:00,2019-10-26 17:11:00,7.84,141.0,13.022,norway_residential
BAR_16468,NO_BAR,PRIVATE,AC,2019-10-26 15:03:00,2019-10-26 15:40:00,1.6,37.0,9.766,norway_residential
BAR_16511,NO_BAR,PRIVATE,AC,2019-10-27 11:51:00,2019-10-28 08:40:00,21.52,1249.0,880.507,norway_residential
BAR_16512,NO_BAR,PRIVATE,AC,2019-10-27 11:56:00,2019-10-28 06:43:00,6.79,1127.0,1011.425,norway_residential
BAR_16529,NO_BAR,PRIVATE,AC,2019-10-27 17:20:00,2019-10-28 06:58:00,13.66,818.0,595.018,norway_residential
BAR_16537,NO_BAR,PRIVATE,AC,2019-10-27 19:58:00,2019-10-28 13:57:00,31.1,1079.0,827.774,norway_residential
BAR_16565,NO_BAR,PRIVATE,AC,2019-10-28 15:13:00,2019-10-29 06:20:00,6.19,907.0,800.669,norway_residential
BAR_16569,NO_BAR,PRIVATE,AC,2019-10-28 15:40:00,2019-10-29 06:43:00,6.12,903.0,798.83,norway_residential
BAR_16576,NO_BAR,PRIVATE,AC,2019-10-28 17:01:00,2019-10-29 07:26:00,4.52,865.0,772.801,norway_residential
BAR_16588,NO_BAR,PRIVATE,AC,2019-10-28 19:16:00,2019-10-29 07:12:00,10.22,716.0,549.171,norway_residential
BAR_16609,NO_BAR,PRIVATE,AC,2019-10-29 08:32:00,2019-10-29 11:20:00,7.13,168.0,45.911,norway_residential
BAR_16615,NO_BAR,PRIVATE,AC,2019-10-29 15:34:00,2019-10-30 06:41:00,6.48,907.0,796.702,norway_residential
BAR_16616,NO_BAR,PRIVATE,AC,2019-10-29 15:46:00,2019-10-30 10:29:00,23.19,1123.0,743.062,norway_residential
BAR_16617,NO_BAR,PRIVATE,AC,2019-10-29 15:47:00,2019-10-30 06:27:00,10.01,880.0,708.049,norway_residential
BAR_16624,NO_BAR,PRIVATE,AC,2019-10-29 17:04:00,2019-10-30 07:30:00,4.62,866.0,771.761,norway_residential
BAR_16634,NO_BAR,PRIVATE,AC,2019-10-29 20:36:00,2019-10-30 06:24:00,12.27,588.0,387.708,norway_residential
BAR_16640,NO_BAR,PRIVATE,AC,2019-10-29 21:51:00,2019-10-30 06:42:00,11.13,531.0,441.092,norway_residential
BAR_16657,NO_BAR,PRIVATE,AC,2019-10-30 13:06:00,2019-10-31 16:16:00,9.85,1630.0,1468.621,norway_residential
BAR_16664,NO_BAR,PRIVATE,AC,2019-10-30 15:30:00,2019-10-31 06:42:00,6.59,912.0,799.83,norway_residential
BAR_16665,NO_BAR,PRIVATE,AC,2019-10-30 15:37:00,2019-10-30 16:29:00,4.96,52.0,11.933,norway_residential
BAR_16668,NO_BAR,PRIVATE,AC,2019-10-30 16:07:00,2019-10-30 18:46:00,9.1,159.0,3.178,norway_residential
BAR_16671,NO_BAR,PRIVATE,AC,2019-10-30 17:02:00,2019-10-31 07:24:00,4.64,862.0,767.353,norway_residential
BAR_16686,NO_BAR,PRIVATE,AC,2019-10-30 20:09:00,2019-10-31 07:08:00,6.96,659.0,545.387,norway_residential
BAR_16694,NO_BAR,PRIVATE,AC,2019-10-30 22:07:00,2019-10-31 11:04:00,6.99,777.0,657.308,norway_residential
BAR_16707,NO_BAR,PRIVATE,AC,2019-10-31 13:50:00,2019-10-31 14:29:00,4.53,39.0,2.407,norway_residential
BAR_16713,NO_BAR,PRIVATE,AC,2019-10-31 15:49:00,2019-11-01 06:42:00,6.3,893.0,785.766,norway_residential
BAR_16722,NO_BAR,PRIVATE,AC,2019-10-31 17:07:00,2019-11-01 07:27:00,4.67,860.0,764.741,norway_residential
BAR_16725,NO_BAR,PRIVATE,AC,2019-10-31 17:17:00,2019-11-01 07:09:00,49.82,832.0,15.764,norway_residential
BAR_16729,NO_BAR,PRIVATE,AC,2019-10-31 18:57:00,2019-11-01 07:49:00,9.48,772.0,535.0,norway_residential
BAR_16737,NO_BAR,PRIVATE,AC,2019-10-31 20:23:00,2019-11-01 09:36:00,19.14,793.0,465.26,norway_residential
BAR_16741,NO_BAR,PRIVATE,AC,2019-10-31 21:35:00,2019-11-01 07:03:00,13.01,568.0,355.628,norway_residential
BAR_16745,NO_BAR,PRIVATE,AC,2019-10-31 21:53:00,2019-11-01 06:48:00,23.08,535.0,348.56,norway_residential
TKU_4446,TKU_1099,COMMERCIAL,AC,2019-09-01 19:50:00,2019-09-01 22:50:00,8.95,180.0,34.865,turku_public
TKU_4454,TKU_1099,COMMERCIAL,AC,2019-09-02 09:29:00,2019-09-02 13:09:00,0.0,220.0,220.0,turku_public
TKU_4459,TKU_1099,COMMERCIAL,AC,2019-09-02 13:58:00,2019-09-02 16:05:00,6.44,127.0,22.568,turku_public
TKU_4470,TKU_1099,COMMERCIAL,AC,2019-09-03 08:20:00,2019-09-03 11:48:00,5.49,208.0,118.973,turku_public
TKU_4479,TKU_1099,COMMERCIAL,AC,2019-09-03 14:48:00,2019-09-03 15:33:00,2.27,45.0,8.189,turku_public
TKU_4482,TKU_1099,COMMERCIAL,AC,2019-09-03 17:18:00,2019-09-03 18:28:00,3.7,70.0,10.0,turku_public
TKU_4489,TKU_1099,COMMERCIAL,AC,2019-09-04 08:26:00,2019-09-04 12:10:00,2.3,224.0,186.703,turku_public
TKU_4502,TKU_1099,COMMERCIAL,AC,2019-09-04 16:30:00,2019-09-04 19:31:00,30.84,181.0,0.0,turku_public
TKU_4510,TKU_1099,COMMERCIAL,AC,2019-09-05 09:10:00,2019-09-05 13:10:00,1.81,240.0,210.649,turku_public
TKU_4519,TKU_1099,COMMERCIAL,AC,2019-09-05 13:58:00,2019-09-05 15:37:00,2.8,99.0,53.595,turku_public
TKU_4529,TKU_1099,COMMERCIAL,AC,2019-09-05 18:26:00,2019-09-06 08:16:00,0.0,830.0,830.0,turku_public
TKU_4543,TKU_1099,COMMERCIAL,AC,2019-09-06 08:17:00,2019-09-06 13:51:00,5.02,334.0,252.595,turku_public
TKU_4559,TKU_1099,COMMERCIAL,AC,2019-09-06 15:32:00,2019-09-06 20:00:00,10.05,268.0,105.027,turku_public
TKU_4567,TKU_1099,COMMERCIAL,AC,2019-09-07 11:48:00,2019-09-07 16:05:00,5.8,257.0,162.946,turku_public
TKU_4589,TKU_1099,COMMERCIAL,AC,2019-09-08 13:02:00,2019-09-08 13:13:00,0.53,11.0,2.405,turku_public
TKU_4611,TKU_1099,COMMERCIAL,AC,2019-09-09 11:50:00,2019-09-09 12:15:00,0.66,25.0,14.297,turku_public
TKU_4615,TKU_1099,COMMERCIAL,AC,2019-09-09 15:11:00,2019-09-09 16:02:00,1.63,51.0,24.568,turku_public
TKU_4621,TKU_1099,COMMERCIAL,AC,2019-09-09 18:21:00,2019-09-09 18:39:00,1.02,18.0,1.459,turku_public
TKU_4627,TKU_1099,COMMERCIAL,AC,2019-09-10 08:16:00,2019-09-10 12:18:00,5.17,242.0,158.162,turku_public
TKU_4638,TKU_1099,COMMERCIAL,AC,2019-09-10 12:49:00,2019-09-10 13:31:00,2.35,42.0,3.892,turku_public
TKU_4640,TKU_1099,COMMERCIAL,AC,2019-09-10 14:54:00,2019-09-10 15:13:00,1.88,19.0,0.0,turku_public
TKU_4651,TKU_1099,COMMERCIAL,AC,2019-09-11 08:41:00,2019-09-11 12:43:00,6.45,242.0,137.405,turku_public
TKU_4667,TKU_1099,COMMERCIAL,AC,2019-09-11 18:18:00,2019-09-11 19:55:00,4.87,97.0,18.027,turku_public
TKU_4677,TKU_1099,COMMERCIAL,AC,2019-09-12 08:16:00,2019-09-12 12:37:00,5.05,261.0,179.108,turku_public
TKU_4682,TKU_1099,COMMERCIAL,AC,2019-09-12 12:50:00,2019-09-12 13:28:00,0.85,38.0,24.216,turku_public
TKU_4685,TKU_1099,COMMERCIAL,AC,2019-09-12 15:25:00,2019-09-12 17:22:00,4.07,117.0,51.0,turku_public
TKU_4692,TKU_1099,COMMERCIAL,AC,2019-09-12 17:36:00,2019-09-12 20:02:00,0.75,146.0,133.838,turku_public
TKU_4709,TKU_1099,COMMERCIAL,AC,2019-09-13 11:20:00,2019-09-13 12:11:00,2.58,51.0,9.162,turku_public
TKU_4711,TKU_1099,COMMERCIAL,AC,2019-09-13 12:35:00,2019-09-13 13:56:00,4.37,81.0,10.135,turku_public
TKU_4723,TKU_1099,COMMERCIAL,AC,2019-09-14 11:25:00,2019-09-14 11:26:00,0.03,1.0,0.514,turku_public
TKU_4724,TKU_1099,COMMERCIAL,AC,2019-09-14 11:27:00,2019-09-14 13:56:00,7.29,149.0,30.784,turku_public
TKU_4735,TKU_1099,COMMERCIAL,AC,2019-09-14 15:57:00,2019-09-14 18:43:00,5.42,166.0,78.108,turku_public
TKU_4737,TKU_1099,COMMERCIAL,AC,2019-09-14 20:23:00,2019-09-14 22:02:00,4.92,99.0,19.216,turku_public
TKU_4740,TKU_1099,COMMERCIAL,AC,2019-09-15 09:28:00,2019-09-15 13:40:00,0.0,252.0,252.0,turku_public
TKU_4773,TKU_1099,COMMERCIAL,AC,2019-09-16 16:29:00,2019-09-16 18:00:00,3.08,91.0,41.054,turku_public
TKU_4783,TKU_1099,COMMERCIAL,AC,2019-09-16 18:31:00,2019-09-16 19:01:00,1.67,30.0,2.919,turku_public
TKU_4786,TKU_1099,COMMERCIAL,AC,2019-09-16 21:50:00,2019-09-16 22:50:00,6.01,60.0,0.0,turku_public
TKU_4788,TKU_1099,COMMERCIAL,AC,2019-09-17 08:17:00,2019-09-17 11:50:00,7.27,213.0,95.108,turku_public
TKU_4822,TKU_1099,COMMERCIAL,AC,2019-09-18 12:11:00,2019-09-18 16:38:00,0.54,267.0,258.243,turku_public
TKU_4836,TKU_1099,COMMERCIAL,AC,2019-09-18 18:14:00,2019-09-18 19:55:00,5.56,101.0,10.838,turku_public
TKU_4846,TKU_1099,COMMERCIAL,AC,2019-09-19 07:38:00,2019-09-19 11:51:00,7.81,253.0,126.351,turku_public
TKU_4856,TKU_1099,COMMERCIAL,AC,2019-09-19 11:58:00,2019-09-19 14:00:00,5.12,122.0,38.973,turku_public
TKU_4871,TKU_1099,COMMERCIAL,AC,2019-09-19 19:46:00,2019-09-19 21:31:00,10.64,105.0,0.0,turku_public
TKU_4876,TKU_1099,COMMERCIAL,AC,2019-09-20 08:14:00,2019-09-20 12:08:00,6.33,234.0,131.351,turku_public
TKU_4894,TKU_1099,COMMERCIAL,AC,2019-09-20 16:23:00,2019-09-20 16:23:00,0.0,0.0,0.0,turku_public
TKU_4895,TKU_1099,COMMERCIAL,AC,2019-09-20 16:27:00,2019-09-20 17:13:00,1.87,46.0,15.676,turku_public
TKU_4900,TKU_1099,COMMERCIAL,AC,2019-09-20 18:49:00,2019-09-20 21:28:00,6.82,159.0,48.405,turku_public
TKU_4913,TKU_1099,COMMERCIAL,AC,2019-09-21 17:34:00,2019-09-21 19:28:00,5.58,114.0,23.514,turku_public
TKU_4921,TKU_1099,COMMERCIAL,AC,2019-09-22 09:56:00,2019-09-22 13:03:00,6.27,187.0,85.324,turku_public
TKU_4933,TKU_1099,COMMERCIAL,AC,2019-09-22 16:31:00,2019-09-22 17:32:00,1.64,61.0,34.405,turku_public
TKU_4942,TKU_1099,COMMERCIAL,AC,2019-09-23 08:16:00,2019-09-23 12:18:00,6.67,242.0,133.838,turku_public
TKU_4951,TKU_1099,COMMERCIAL,AC,2019-09-23 12:34:00,2019-09-23 14:06:00,3.5,92.0,35.243,turku_public
TKU_4962,TKU_1099,COMMERCIAL,AC,2019-09-23 20:17:00,2019-09-23 22:27:00,5.45,130.0,41.622,turku_public
TKU_4972,TKU_1099,COMMERCIAL,AC,2019-09-24 08:20:00,2019-09-24 11:49:00,6.88,209.0,97.432,turku_public
TKU_4985,TKU_1099,COMMERCIAL,AC,2019-09-24 13:46:00,2019-09-24 15:18:00,2.94,92.0,44.324,turku_public
TKU_4992,TKU_1099,COMMERCIAL,AC,2019-09-24 17:48:00,2019-09-24 21:01:00,7.28,193.0,74.946,turku_public
TKU_5000,TKU_1099,COMMERCIAL,AC,2019-09-25 08:35:00,2019-09-25 11:55:00,6.34,200.0,97.189,turku_public
TKU_5028,TKU_1099,COMMERCIAL,AC,2019-09-26 08:59:00,2019-09-26 12:02:00,6.33,183.0,80.351,turku_public
TKU_5036,TKU_1099,COMMERCIAL,AC,2019-09-26 13:55:00,2019-09-26 15:17:00,4.62,82.0,7.081,turku_public
TKU_5043,TKU_1099,COMMERCIAL,AC,2019-09-26 16:03:00,2019-09-26 16:04:00,0.05,1.0,0.189,turku_public
TKU_5045,TKU_1099,COMMERCIAL,AC,2019-09-26 16:41:00,2019-09-26 20:28:00,10.28,227.0,60.297,turku_public
TKU_5050,TKU_1099,COMMERCIAL,AC,2019-09-27 08:15:00,2019-09-27 09:39:00,1.47,84.0,60.162,turku_public
TKU_5058,TKU_1099,COMMERCIAL,AC,2019-09-27 09:50:00,2019-09-27 12:37:00,0.78,167.0,154.351,turku_public
TKU_5063,TKU_1099,COMMERCIAL,AC,2019-09-27 13:25:00,2019-09-27 15:43:00,4.38,138.0,66.973,turku_public
TKU_5070,TKU_1099,COMMERCIAL,AC,2019-09-27 17:45:00,2019-09-27 18:13:00,1.48,28.0,4.0,turku_public
TKU_5082,TKU_1099,COMMERCIAL,AC,2019-09-28 12:54:00,2019-09-28 12:56:00,0.0,2.0,2.0,turku_public
TKU_5085,TKU_1099,COMMERCIAL,AC,2019-09-28 15:09:00,2019-09-28 16:56:00,6.48,107.0,1.919,turku_public
TKU_5097,TKU_1099,COMMERCIAL,AC,2019-09-29 12:39:00,2019-09-29 13:35:00,1.17,56.0,37.027,turku_public
TKU_5106,TKU_1099,COMMERCIAL,AC,2019-09-30 08:22:00,2019-09-30 12:22:00,2.77,240.0,195.081,turku_public
TKU_5117,TKU_1099,COMMERCIAL,AC,2019-09-30 13:34:00,2019-09-30 17:07:00,7.25,213.0,95.432,turku_public
TKU_5125,TKU_1099,COMMERCIAL,AC,2019-09-30 17:37:00,2019-09-30 20:11:00,12.83,154.0,0.0,turku_public
TKU_5130,TKU_1099,COMMERCIAL,AC,2019-10-01 08:18:00,2019-10-01 11:45:00,7.71,207.0,81.973,turku_public
TKU_5139,TKU_1099,COMMERCIAL,AC,2019-10-01 14:29:00,2019-10-01 17:16:00,7.44,167.0,46.351,turku_public
TKU_5150,TKU_1099,COMMERCIAL,AC,2019-10-01 17:25:00,2019-10-01 19:01:00,3.75,96.0,35.189,turku_public
TKU_5153,TKU_1099,COMMERCIAL,AC,2019-10-02 08:24:00,2019-10-02 12:16:00,3.64,232.0,172.973,turku_public
TKU_5163,TKU_1099,COMMERCIAL,AC,2019-10-02 12:43:00,2019-10-02 12:51:00,0.84,8.0,0.0,turku_public
TKU_5179,TKU_1099,COMMERCIAL,AC,2019-10-02 17:20:00,2019-10-02 20:04:00,8.25,164.0,30.216,turku_public
TKU_5192,TKU_1099,COMMERCIAL,AC,2019-10-03 08:20:00,2019-10-03 11:49:00,6.23,209.0,107.973,turku_public
TKU_5202,TKU_1099,COMMERCIAL,AC,2019-10-03 12:07:00,2019-10-03 16:10:00,9.35,243.0,91.378,turku_public
TKU_5229,TKU_1099,COMMERCIAL,AC,2019-10-04 08:25:00,2019-10-04 11:54:00,8.66,209.0,68.568,turku_public
TKU_5234,TKU_1099,COMMERCIAL,AC,2019-10-04 11:58:00,2019-10-04 13:25:00,4.37,87.0,16.135,turku_public
TKU_5248,TKU_1099,COMMERCIAL,AC,2019-10-04 17:40:00,2019-10-04 19:59:00,7.68,139.0,14.459,turku_public
TKU_5268,TKU_1099,COMMERCIAL,AC,2019-10-05 10:45:00,2019-10-05 13:50:00,2.67,185.0,141.703,turku_public
TKU_5284,TKU_1099,COMMERCIAL,AC,2019-10-05 18:22:00,2019-10-05 20:56:00,6.15,154.0,54.27,turku_public
TKU_5290,TKU_1099,COMMERCIAL,AC,2019-10-05 21:22:00,2019-10-05 21:22:00,0.0,0.0,0.0,turku_public
TKU_5291,TKU_1099,COMMERCIAL,AC,2019-10-05 21:24:00,2019-10-06 09:21:00,10.82,717.0,541.541,turku_public
TKU_5299,TKU_1099,COMMERCIAL,AC,2019-10-06 11:43:00,2019-10-06 15:55:00,10.46,252.0,82.378,turku_public
TKU_5313,TKU_1099,COMMERCIAL,AC,2019-10-06 19:04:00,2019-10-06 21:01:00,4.27,117.0,47.757,turku_public
TKU_5320,TKU_1099,COMMERCIAL,AC,2019-10-07 09:16:00,2019-10-07 12:57:00,6.56,221.0,114.622,turku_public
TKU_5332,TKU_1099,COMMERCIAL,AC,2019-10-07 15:12:00,2019-10-07 17:09:00,5.31,117.0,30.892,turku_public
TKU_5350,TKU_1099,COMMERCIAL,AC,2019-10-08 08:14:00,2019-10-08 13:47:00,6.97,333.0,219.973,turku_public
TKU_5361,TKU_1099,COMMERCIAL,AC,2019-10-08 14:34:00,2019-10-08 17:46:00,6.13,192.0,92.595,turku_public
TKU_5381,TKU_1099,COMMERCIAL,AC,2019-10-09 08:57:00,2019-10-09 11:47:00,6.44,170.0,65.568,turku_public
TKU_5388,TKU_1099,COMMERCIAL,AC,2019-10-09 11:52:00,2019-10-09 13:03:00,4.02,71.0,5.811,turku_public
TKU_5390,TKU_1099,COMMERCIAL,AC,2019-10-09 13:33:00,2019-10-09 14:22:00,1.88,49.0,18.514,turku_public
TKU_5396,TKU_1099,COMMERCIAL,AC,2019-10-09 15:06:00,2019-10-09 15:06:00,0.0,0.0,0.0,turku_public
TKU_5397,TKU_1099,COMMERCIAL,AC,2019-10-09 15:07:00,2019-10-09 17:49:00,8.55,162.0,23.351,turku_public
TKU_5404,TKU_1099,COMMERCIAL,AC,2019-10-09 18:07:00,2019-10-09 20:09:00,6.63,122.0,14.486,turku_public
TKU_5410,TKU_1099,COMMERCIAL,AC,2019-10-10 08:19:00,2019-10-10 11:56:00,7.04,217.0,102.838,turku_public
TKU_5422,TKU_1099,COMMERCIAL,AC,2019-10-10 12:12:00,2019-10-10 15:54:00,6.2,222.0,121.459,turku_public
TKU_5435,TKU_1099,COMMERCIAL,AC,2019-10-10 17:11:00,2019-10-10 20:00:00,12.44,169.0,0.0,turku_public
TKU_5445,TKU_1099,COMMERCIAL,AC,2019-10-11 09:20:00,2019-10-11 10:21:00,2.33,61.0,23.216,turku_public
TKU_5448,TKU_1099,COMMERCIAL,AC,2019-10-11 11:09:00,2019-10-11 13:26:00,6.21,137.0,36.297,turku_public
TKU_5452,TKU_1099,COMMERCIAL,AC,2019-10-11 13:57:00,2019-10-11 16:47:00,7.56,170.0,47.405,turku_public
TKU_5461,TKU_1099,COMMERCIAL,AC,2019-10-11 17:37:00,2019-10-11 19:58:00,12.34,141.0,0.0,turku_public
TKU_5478,TKU_1099,COMMERCIAL,AC,2019-10-12 12:13:00,2019-10-12 14:13:00,3.96,120.0,55.784,turku_public
TKU_5484,TKU_1099,COMMERCIAL,AC,2019-10-12 15:49:00,2019-10-12 16:29:00,4.14,40.0,0.0,turku_public
TKU_5488,TKU_1099,COMMERCIAL,AC,2019-10-12 18:12:00,2019-10-12 22:57:00,9.63,285.0,128.838,turku_public
TKU_5493,TKU_1099,COMMERCIAL,AC,2019-10-13 12:30:00,2019-10-13 17:18:00,7.22,288.0,170.919,turku_public
TKU_5509,TKU_1099,COMMERCIAL,AC,2019-10-13 17:25:00,2019-10-13 17:25:00,0.0,0.0,0.0,turku_public
TKU_5510,TKU_1099,COMMERCIAL,AC,2019-10-13 17:26:00,2019-10-13 19:56:00,4.43,150.0,78.162,turku_public
TKU_5520,TKU_1099,COMMERCIAL,AC,2019-10-14 08:21:00,2019-10-14 12:31:00,4.25,250.0,181.081,turku_public
TKU_5526,TKU_1099,COMMERCIAL,AC,2019-10-14 12:44:00,2019-10-14 13:56:00,3.96,72.0,7.784,turku_public
TKU_5536,TKU_1099,COMMERCIAL,AC,2019-10-14 16:24:00,2019-10-14 17:43:00,4.31,79.0,9.108,turku_public
TKU_5543,TKU_1099,COMMERCIAL,AC,2019-10-14 17:48:00,2019-10-14 21:59:00,9.16,251.0,102.459,turku_public
TKU_5550,TKU_1099,COMMERCIAL,AC,2019-10-15 08:23:00,2019-10-15 18:09:00,6.8,586.0,475.73,turku_public
TKU_5573,TKU_1099,COMMERCIAL,AC,2019-10-15 19:02:00,2019-10-15 19:59:00,4.1,57.0,0.0,turku_public
TKU_5581,TKU_1099,COMMERCIAL,AC,2019-10-16 08:27:00,2019-10-16 12:36:00,7.34,249.0,129.973,turku_public
TKU_5595,TKU_1099,COMMERCIAL,AC,2019-10-16 12:37:00,2019-10-16 17:00:00,3.25,263.0,210.297,turku_public
TKU_5603,TKU_1099,COMMERCIAL,AC,2019-10-16 17:26:00,2019-10-16 20:18:00,7.22,172.0,54.919,turku_public
TKU_5612,TKU_1099,COMMERCIAL,AC,2019-10-17 08:52:00,2019-10-17 12:29:00,5.95,217.0,120.514,turku_public
TKU_5623,TKU_1099,COMMERCIAL,AC,2019-10-17 12:54:00,2019-10-17 14:09:00,2.59,75.0,33.0,turku_public
TKU_5628,TKU_1099,COMMERCIAL,AC,2019-10-17 15:54:00,2019-10-17 18:09:00,4.34,135.0,64.622,turku_public
TKU_5641,TKU_1099,COMMERCIAL,AC,2019-10-18 11:01:00,2019-10-18 13:36:00,5.86,155.0,59.973,turku_public
TKU_5651,TKU_1099,COMMERCIAL,AC,2019-10-18 16:35:00,2019-10-18 19:37:00,5.91,182.0,86.162,turku_public
TKU_5665,TKU_1099,COMMERCIAL,AC,2019-10-19 13:39:00,2019-10-19 15:25:00,5.83,106.0,11.459,turku_public
TKU_5670,TKU_1099,COMMERCIAL,AC,2019-10-19 17:46:00,2019-10-19 21:25:00,10.99,219.0,40.784,turku_public
TKU_5674,TKU_1099,COMMERCIAL,AC,2019-10-19 21:31:00,2019-10-20 00:43:00,6.3,192.0,89.838,turku_public
TKU_5695,TKU_1099,COMMERCIAL,AC,2019-10-21 09:16:00,2019-10-21 10:33:00,3.13,77.0,26.243,turku_public
TKU_5697,TKU_1099,COMMERCIAL,AC,2019-10-21 11:27:00,2019-10-21 16:17:00,10.4,290.0,121.351,turku_public
TKU_5712,TKU_1099,COMMERCIAL,AC,2019-10-21 18:19:00,2019-10-21 19:21:00,3.32,62.0,8.162,turku_public
TKU_5718,TKU_1099,COMMERCIAL,AC,2019-10-22 08:30:00,2019-10-22 18:57:00,6.47,627.0,522.081,turku_public
TKU_5748,TKU_1099,COMMERCIAL,AC,2019-10-23 09:23:00,2019-10-23 11:48:00,5.48,145.0,56.135,turku_public
TKU_5753,TKU_1099,COMMERCIAL,AC,2019-10-23 12:08:00,2019-10-23 14:04:00,6.28,116.0,14.162,turku_public
TKU_5774,TKU_1099,COMMERCIAL,AC,2019-10-24 08:20:00,2019-10-24 11:52:00,5.36,212.0,125.081,turku_public
TKU_5782,TKU_1099,COMMERCIAL,AC,2019-10-24 12:17:00,2019-10-24 13:43:00,4.79,86.0,8.324,turku_public
TKU_5791,TKU_1099,COMMERCIAL,AC,2019-10-24 16:25:00,2019-10-24 16:25:00,0.0,0.0,0.0,turku_public
TKU_5792,TKU_1099,COMMERCIAL,AC,2019-10-24 16:26:00,2019-10-24 16:43:00,0.92,17.0,2.081,turku_public
TKU_5800,TKU_1099,COMMERCIAL,AC,2019-10-24 18:34:00,2019-10-24 21:37:00,3.44,183.0,127.216,turku_public
TKU_5811,TKU_1099,COMMERCIAL,AC,2019-10-25 08:23:00,2019-10-25 11:47:00,5.18,204.0,120.0,turku_public
TKU_5818,TKU_1099,COMMERCIAL,AC,2019-10-25 12:51:00,2019-10-25 13:06:00,0.79,15.0,2.189,turku_public
TKU_5822,TKU_1099,COMMERCIAL,AC,2019-10-25 14:17:00,2019-10-25 16:17:00,6.76,120.0,10.378,turku_public
TKU_5827,TKU_1099,COMMERCIAL,AC,2019-10-25 17:13:00,2019-10-25 17:59:00,4.51,46.0,0.0,turku_public
TKU_5836,TKU_1099,COMMERCIAL,AC,2019-10-26 09:14:00,2019-10-26 11:05:00,6.06,111.0,12.73,turku_public
TKU_5838,TKU_1099,COMMERCIAL,AC,2019-10-26 11:08:00,2019-10-26 11:09:00,0.0,1.0,1.0,turku_public
TKU_5840,TKU_1099,COMMERCIAL,AC,2019-10-26 11:59:00,2019-10-26 12:43:00,2.41,44.0,4.919,turku_public
TKU_5844,TKU_1099,COMMERCIAL,AC,2019-10-26 14:59:00,2019-10-26 18:07:00,3.2,188.0,136.108,turku_public
TKU_5860,TKU_1099,COMMERCIAL,AC,2019-10-27 11:05:00,2019-10-27 12:55:00,5.29,110.0,24.216,turku_public
TKU_5867,TKU_1099,COMMERCIAL,AC,2019-10-27 19:00:00,2019-10-27 21:01:00,6.35,121.0,18.027,turku_public
TKU_5875,TKU_1099,COMMERCIAL,AC,2019-10-28 09:24:00,2019-10-28 13:48:00,7.34,264.0,144.973,turku_public
TKU_5893,TKU_1099,COMMERCIAL,AC,2019-10-28 17:46:00,2019-10-28 18:00:00,0.75,14.0,1.838,turku_public
TKU_5898,TKU_1099,COMMERCIAL,AC,2019-10-29 08:26:00,2019-10-29 11:51:00,6.04,205.0,107.054,turku_public
TKU_5910,TKU_1099,COMMERCIAL,AC,2019-10-29 12:51:00,2019-10-29 16:25:00,3.89,214.0,150.919,turku_public
TKU_5920,TKU_1099,COMMERCIAL,AC,2019-10-29 17:11:00,2019-10-29 21:23:00,9.68,252.0,95.027,turku_public
TKU_5927,TKU_1099,COMMERCIAL,AC,2019-10-30 08:26:00,2019-10-30 12:18:00,4.25,232.0,163.081,turku_public
TKU_5941,TKU_1099,COMMERCIAL,AC,2019-10-30 15:27:00,2019-10-30 18:46:00,4.75,199.0,121.973,turku_public
TKU_5952,TKU_1099,COMMERCIAL,AC,2019-10-30 21:09:00,2019-10-30 22:47:00,8.88,98.0,0.0,turku_public
TKU_5961,TKU_1099,COMMERCIAL,AC,2019-10-31 08:15:00,2019-10-31 11:48:00,6.14,213.0,113.432,turku_public
TKU_5975,TKU_1099,COMMERCIAL,AC,2019-10-31 12:59:00,2019-10-31 15:18:00,5.93,139.0,42.838,turku_public
TKU_5979,TKU_1099,COMMERCIAL,AC,2019-10-31 16:50:00,2019-10-31 20:39:00,4.17,229.0,161.378,turku_public
TKU_4437,TKU_1100,COMMERCIAL,AC,2019-09-01 15:22:00,2019-09-01 19:13:00,6.66,231.0,123.0,turku_public
TKU_4449,TKU_1100,COMMERCIAL,AC,2019-09-02 07:31:00,2019-09-02 08:39:00,2.11,68.0,33.784,turku_public
TKU_4453,TKU_1100,COMMERCIAL,AC,2019-09-02 09:13:00,2019-09-02 12:23:00,7.5,190.0,68.378,turku_public
TKU_4458,TKU_1100,COMMERCIAL,AC,2019-09-02 12:46:00,2019-09-02 14:13:00,2.33,87.0,49.216,turku_public
TKU_4464,TKU_1100,COMMERCIAL,AC,2019-09-02 17:14:00,2019-09-02 19:29:00,12.65,135.0,0.0,turku_public
TKU_4481,TKU_1100,COMMERCIAL,AC,2019-09-03 16:39:00,2019-09-03 17:31:00,2.5,52.0,11.459,turku_public
TKU_4484,TKU_1100,COMMERCIAL,AC,2019-09-03 17:56:00,2019-09-03 20:10:00,2.65,134.0,91.027,turku_public
TKU_4487,TKU_1100,COMMERCIAL,AC,2019-09-04 08:15:00,2019-09-04 11:14:00,6.61,179.0,71.811,turku_public
TKU_4503,TKU_1100,COMMERCIAL,AC,2019-09-04 16:35:00,2019-09-04 19:05:00,12.82,150.0,0.0,turku_public
TKU_4507,TKU_1100,COMMERCIAL,AC,2019-09-05 07:07:00,2019-09-05 10:47:00,8.75,220.0,78.108,turku_public
TKU_4516,TKU_1100,COMMERCIAL,AC,2019-09-05 11:57:00,2019-09-05 14:13:00,3.53,136.0,78.757,turku_public
TKU_4522,TKU_1100,COMMERCIAL,AC,2019-09-05 14:52:00,2019-09-05 15:52:00,3.27,60.0,6.973,turku_public
TKU_4527,TKU_1100,COMMERCIAL,AC,2019-09-05 17:41:00,2019-09-05 18:41:00,3.5,60.0,3.243,turku_public
TKU_4539,TKU_1100,COMMERCIAL,AC,2019-09-06 07:03:00,2019-09-06 10:32:00,6.19,209.0,108.622,turku_public
TKU_4548,TKU_1100,COMMERCIAL,AC,2019-09-06 11:25:00,2019-09-06 13:21:00,4.43,116.0,44.162,turku_public
TKU_4552,TKU_1100,COMMERCIAL,AC,2019-09-06 13:25:00,2019-09-06 14:16:00,2.53,51.0,9.973,turku_public
TKU_4558,TKU_1100,COMMERCIAL,AC,2019-09-06 15:23:00,2019-09-06 15:54:00,3.38,31.0,0.0,turku_public
TKU_4561,TKU_1100,COMMERCIAL,AC,2019-09-06 16:32:00,2019-09-06 20:45:00,7.4,253.0,133.0,turku_public
TKU_4582,TKU_1100,COMMERCIAL,AC,2019-09-07 20:09:00,2019-09-07 23:40:00,10.13,211.0,46.73,turku_public
TKU_4587,TKU_1100,COMMERCIAL,AC,2019-09-08 10:05:00,2019-09-08 10:28:00,1.29,23.0,2.081,turku_public
TKU_4595,TKU_1100,COMMERCIAL,AC,2019-09-08 15:18:00,2019-09-08 15:50:00,3.38,32.0,0.0,turku_public
TKU_4598,TKU_1100,COMMERCIAL,AC,2019-09-08 16:00:00,2019-09-08 18:21:00,7.28,141.0,22.946,turku_public
TKU_4609,TKU_1100,COMMERCIAL,AC,2019-09-09 11:04:00,2019-09-09 11:41:00,1.97,37.0,5.054,turku_public
TKU_4614,TKU_1100,COMMERCIAL,AC,2019-09-09 14:20:00,2019-09-09 14:40:00,1.07,20.0,2.649,turku_public
TKU_4628,TKU_1100,COMMERCIAL,AC,2019-09-10 08:24:00,2019-09-10 11:42:00,4.47,198.0,125.514,turku_public
TKU_4648,TKU_1100,COMMERCIAL,AC,2019-09-10 20:26:00,2019-09-10 22:33:00,2.36,127.0,88.73,turku_public
TKU_4657,TKU_1100,COMMERCIAL,AC,2019-09-11 12:49:00,2019-09-11 14:14:00,2.19,85.0,49.486,turku_public
TKU_4661,TKU_1100,COMMERCIAL,AC,2019-09-11 14:54:00,2019-09-11 16:02:00,3.93,68.0,4.27,turku_public
TKU_4666,TKU_1100,COMMERCIAL,AC,2019-09-11 17:46:00,2019-09-11 19:53:00,4.63,127.0,51.919,turku_public
TKU_4669,TKU_1100,COMMERCIAL,AC,2019-09-11 19:57:00,2019-09-11 21:58:00,0.0,121.0,121.0,turku_public
TKU_4675,TKU_1100,COMMERCIAL,AC,2019-09-11 21:58:00,2019-09-12 18:03:00,0.0,1205.0,1205.0,turku_public
TKU_4695,TKU_1100,COMMERCIAL,AC,2019-09-12 18:03:00,2019-09-12 19:03:00,1.57,60.0,34.541,turku_public
TKU_4698,TKU_1100,COMMERCIAL,AC,2019-09-13 07:56:00,2019-09-13 08:54:00,2.25,58.0,21.514,turku_public
TKU_4708,TKU_1100,COMMERCIAL,AC,2019-09-13 11:14:00,2019-09-13 13:48:00,0.87,154.0,139.892,turku_public
TKU_4722,TKU_1100,COMMERCIAL,AC,2019-09-13 21:15:00,2019-09-14 09:07:00,14.67,712.0,474.108,turku_public
TKU_4725,TKU_1100,COMMERCIAL,AC,2019-09-14 11:28:00,2019-09-14 13:59:00,4.08,151.0,84.838,turku_public
TKU_4729,TKU_1100,COMMERCIAL,AC,2019-09-14 14:00:00,2019-09-14 15:37:00,0.0,97.0,97.0,turku_public
TKU_4733,TKU_1100,COMMERCIAL,AC,2019-09-14 15:37:00,2019-09-15 13:41:00,0.0,1324.0,1324.0,turku_public
TKU_4748,TKU_1100,COMMERCIAL,AC,2019-09-15 15:33:00,2019-09-15 19:28:00,6.43,235.0,130.73,turku_public
TKU_4760,TKU_1100,COMMERCIAL,AC,2019-09-16 08:18:00,2019-09-16 09:40:00,4.51,82.0,8.865,turku_public
TKU_4775,TKU_1100,COMMERCIAL,AC,2019-09-16 16:37:00,2019-09-16 22:26:00,0.0,349.0,349.0,turku_public
TKU_4817,TKU_1100,COMMERCIAL,AC,2019-09-18 10:00:00,2019-09-18 10:23:00,2.57,23.0,0.0,turku_public
TKU_4827,TKU_1100,COMMERCIAL,AC,2019-09-18 13:52:00,2019-09-18 13:52:00,0.0,0.0,0.0,turku_public
TKU_4828,TKU_1100,COMMERCIAL,AC,2019-09-18 13:54:00,2019-09-18 17:21:00,0.0,207.0,207.0,turku_public
TKU_4835,TKU_1100,COMMERCIAL,AC,2019-09-18 17:21:00,2019-09-18 17:21:00,0.0,0.0,0.0,turku_public
TKU_4837,TKU_1100,COMMERCIAL,AC,2019-09-18 18:24:00,2019-09-19 08:30:00,0.0,846.0,846.0,turku_public
TKU_4849,TKU_1100,COMMERCIAL,AC,2019-09-19 08:31:00,2019-09-19 12:07:00,6.01,216.0,118.541,turku_public
TKU_4858,TKU_1100,COMMERCIAL,AC,2019-09-19 12:39:00,2019-09-19 14:18:00,5.36,99.0,12.081,turku_public
TKU_4866,TKU_1100,COMMERCIAL,AC,2019-09-19 16:52:00,2019-09-19 19:20:00,13.06,148.0,0.0,turku_public
TKU_4873,TKU_1100,COMMERCIAL,AC,2019-09-19 22:04:00,2019-09-19 22:52:00,2.36,48.0,9.73,turku_public
TKU_4879,TKU_1100,COMMERCIAL,AC,2019-09-20 08:48:00,2019-09-20 12:41:00,9.12,233.0,85.108,turku_public
TKU_4885,TKU_1100,COMMERCIAL,AC,2019-09-20 13:23:00,2019-09-20 13:50:00,1.2,27.0,7.541,turku_public
TKU_4887,TKU_1100,COMMERCIAL,AC,2019-09-20 15:34:00,2019-09-20 15:57:00,1.14,23.0,4.514,turku_public
TKU_4891,TKU_1100,COMMERCIAL,AC,2019-09-20 16:18:00,2019-09-20 16:19:00,0.0,1.0,1.0,turku_public
TKU_4893,TKU_1100,COMMERCIAL,AC,2019-09-20 16:22:00,2019-09-20 20:19:00,0.0,237.0,237.0,turku_public
TKU_4901,TKU_1100,COMMERCIAL,AC,2019-09-20 20:26:00,2019-09-21 10:56:00,0.0,870.0,870.0,turku_public
TKU_4904,TKU_1100,COMMERCIAL,AC,2019-09-21 10:57:00,2019-09-21 12:08:00,3.15,71.0,19.919,turku_public
TKU_4906,TKU_1100,COMMERCIAL,AC,2019-09-21 12:38:00,2019-09-22 11:00:00,5.36,1342.0,1255.081,turku_public
TKU_4926,TKU_1100,COMMERCIAL,AC,2019-09-22 11:12:00,2019-09-22 12:16:00,0.94,64.0,48.757,turku_public
TKU_4930,TKU_1100,COMMERCIAL,AC,2019-09-22 13:48:00,2019-09-22 15:58:00,4.97,130.0,49.405,turku_public
TKU_4932,TKU_1100,COMMERCIAL,AC,2019-09-22 16:02:00,2019-09-22 19:13:00,5.11,191.0,108.135,turku_public
TKU_4938,TKU_1100,COMMERCIAL,AC,2019-09-22 21:00:00,2019-09-23 00:17:00,0.0,197.0,197.0,turku_public
TKU_4939,TKU_1100,COMMERCIAL,AC,2019-09-23 00:17:00,2019-09-23 12:10:00,0.0,713.0,713.0,turku_public
TKU_4949,TKU_1100,COMMERCIAL,AC,2019-09-23 12:11:00,2019-09-23 14:58:00,4.79,167.0,89.324,turku_public
TKU_4960,TKU_1100,COMMERCIAL,AC,2019-09-23 18:24:00,2019-09-23 19:21:00,3.04,57.0,7.703,turku_public
TKU_4961,TKU_1100,COMMERCIAL,AC,2019-09-23 20:15:00,2019-09-23 22:23:00,0.0,128.0,128.0,turku_public
TKU_4974,TKU_1100,COMMERCIAL,AC,2019-09-24 08:36:00,2019-09-24 12:20:00,7.32,224.0,105.297,turku_public
TKU_4983,TKU_1100,COMMERCIAL,AC,2019-09-24 12:24:00,2019-09-24 13:50:00,4.92,86.0,6.216,turku_public
TKU_4986,TKU_1100,COMMERCIAL,AC,2019-09-24 14:08:00,2019-09-24 17:50:00,0.0,222.0,222.0,turku_public
TKU_4993,TKU_1100,COMMERCIAL,AC,2019-09-24 17:50:00,2019-09-24 17:50:00,0.0,0.0,0.0,turku_public
TKU_4999,TKU_1100,COMMERCIAL,AC,2019-09-25 08:22:00,2019-09-25 12:15:00,2.95,233.0,185.162,turku_public
TKU_5011,TKU_1100,COMMERCIAL,AC,2019-09-25 13:33:00,2019-09-25 14:26:00,2.68,53.0,9.541,turku_public
TKU_5013,TKU_1100,COMMERCIAL,AC,2019-09-25 14:48:00,2019-09-25 15:45:00,3.04,57.0,7.703,turku_public
TKU_5016,TKU_1100,COMMERCIAL,AC,2019-09-25 16:11:00,2019-09-25 16:26:00,0.8,15.0,2.027,turku_public
TKU_5024,TKU_1100,COMMERCIAL,AC,2019-09-26 07:51:00,2019-09-26 08:56:00,3.53,65.0,7.757,turku_public
TKU_5029,TKU_1100,COMMERCIAL,AC,2019-09-26 09:12:00,2019-09-26 12:50:00,3.17,218.0,166.595,turku_public
TKU_5035,TKU_1100,COMMERCIAL,AC,2019-09-26 13:03:00,2019-09-26 16:03:00,5.32,180.0,93.73,turku_public
TKU_5044,TKU_1100,COMMERCIAL,AC,2019-09-26 16:07:00,2019-09-26 16:31:00,1.22,24.0,4.216,turku_public
TKU_5046,TKU_1100,COMMERCIAL,AC,2019-09-26 17:47:00,2019-09-26 20:26:00,3.53,159.0,101.757,turku_public
TKU_5054,TKU_1100,COMMERCIAL,AC,2019-09-27 08:26:00,2019-09-27 11:51:00,7.11,205.0,89.703,turku_public
TKU_5060,TKU_1100,COMMERCIAL,AC,2019-09-27 12:07:00,2019-09-27 15:36:00,1.5,209.0,184.676,turku_public
TKU_5069,TKU_1100,COMMERCIAL,AC,2019-09-27 17:30:00,2019-09-27 18:48:00,1.22,78.0,58.216,turku_public
TKU_5079,TKU_1100,COMMERCIAL,AC,2019-09-28 11:17:00,2019-09-28 15:27:00,3.25,250.0,197.297,turku_public
TKU_5086,TKU_1100,COMMERCIAL,AC,2019-09-28 16:04:00,2019-09-28 16:28:00,0.66,24.0,13.297,turku_public
TKU_5087,TKU_1100,COMMERCIAL,AC,2019-09-28 16:42:00,2019-09-28 19:51:00,6.85,189.0,77.919,turku_public
TKU_5095,TKU_1100,COMMERCIAL,AC,2019-09-29 11:08:00,2019-09-29 15:01:00,3.03,233.0,183.865,turku_public
TKU_5100,TKU_1100,COMMERCIAL,AC,2019-09-29 15:06:00,2019-09-29 18:49:00,8.35,223.0,87.595,turku_public
TKU_5109,TKU_1100,COMMERCIAL,AC,2019-09-30 09:12:00,2019-09-30 11:26:00,34.81,134.0,0.0,turku_public
TKU_5114,TKU_1100,COMMERCIAL,AC,2019-09-30 12:21:00,2019-09-30 12:50:00,1.68,29.0,1.757,turku_public
TKU_5116,TKU_1100,COMMERCIAL,AC,2019-09-30 13:15:00,2019-09-30 16:23:00,0.0,188.0,188.0,turku_public
TKU_5122,TKU_1100,COMMERCIAL,AC,2019-09-30 16:23:00,2019-09-30 16:41:00,0.0,18.0,18.0,turku_public
TKU_5123,TKU_1100,COMMERCIAL,AC,2019-09-30 17:02:00,2019-09-30 19:27:00,5.53,145.0,55.324,turku_public
TKU_5137,TKU_1100,COMMERCIAL,AC,2019-10-01 13:46:00,2019-10-01 15:17:00,2.24,91.0,54.676,turku_public
TKU_5149,TKU_1100,COMMERCIAL,AC,2019-10-01 17:12:00,2019-10-01 20:02:00,8.67,170.0,29.405,turku_public
TKU_5155,TKU_1100,COMMERCIAL,AC,2019-10-02 08:37:00,2019-10-02 11:51:00,6.86,194.0,82.757,turku_public
TKU_5161,TKU_1100,COMMERCIAL,AC,2019-10-02 11:57:00,2019-10-02 14:28:00,2.17,151.0,115.811,turku_public
TKU_5168,TKU_1100,COMMERCIAL,AC,2019-10-02 14:47:00,2019-10-02 16:11:00,4.3,84.0,14.27,turku_public
TKU_5172,TKU_1100,COMMERCIAL,AC,2019-10-02 16:16:00,2019-10-02 17:38:00,4.62,82.0,7.081,turku_public
TKU_5181,TKU_1100,COMMERCIAL,AC,2019-10-02 17:50:00,2019-10-02 18:58:00,3.36,68.0,13.514,turku_public
TKU_5190,TKU_1100,COMMERCIAL,AC,2019-10-03 07:34:00,2019-10-03 11:32:00,8.06,238.0,107.297,turku_public
TKU_5200,TKU_1100,COMMERCIAL,AC,2019-10-03 11:52:00,2019-10-03 14:29:00,6.72,157.0,48.027,turku_public
TKU_5213,TKU_1100,COMMERCIAL,AC,2019-10-03 16:43:00,2019-10-03 18:00:00,7.83,77.0,0.0,turku_public
TKU_5217,TKU_1100,COMMERCIAL,AC,2019-10-03 18:16:00,2019-10-03 21:43:00,10.08,207.0,43.541,turku_public
TKU_5227,TKU_1100,COMMERCIAL,AC,2019-10-04 08:14:00,2019-10-04 11:03:00,7.42,169.0,48.676,turku_public
TKU_5237,TKU_1100,COMMERCIAL,AC,2019-10-04 13:22:00,2019-10-04 16:37:00,7.67,195.0,70.622,turku_public
TKU_5247,TKU_1100,COMMERCIAL,AC,2019-10-04 17:16:00,2019-10-04 18:05:00,3.45,49.0,0.0,turku_public
TKU_5266,TKU_1100,COMMERCIAL,AC,2019-10-05 10:17:00,2019-10-05 11:26:00,3.82,69.0,7.054,turku_public
TKU_5270,TKU_1100,COMMERCIAL,AC,2019-10-05 11:34:00,2019-10-05 15:00:00,0.79,206.0,193.189,turku_public
TKU_5277,TKU_1100,COMMERCIAL,AC,2019-10-05 16:09:00,2019-10-05 17:00:00,1.84,51.0,21.162,turku_public
TKU_5281,TKU_1100,COMMERCIAL,AC,2019-10-05 18:07:00,2019-10-05 21:11:00,3.89,184.0,120.919,turku_public
TKU_5295,TKU_1100,COMMERCIAL,AC,2019-10-06 10:56:00,2019-10-06 12:28:00,5.24,92.0,7.027,turku_public
TKU_5309,TKU_1100,COMMERCIAL,AC,2019-10-06 16:22:00,2019-10-06 18:27:00,2.86,125.0,78.622,turku_public
TKU_5318,TKU_1100,COMMERCIAL,AC,2019-10-07 08:56:00,2019-10-07 12:48:00,7.73,232.0,106.649,turku_public
TKU_5333,TKU_1100,COMMERCIAL,AC,2019-10-07 15:32:00,2019-10-07 16:44:00,7.38,72.0,0.0,turku_public
TKU_5346,TKU_1100,COMMERCIAL,AC,2019-10-07 20:46:00,2019-10-07 21:49:00,6.43,63.0,0.0,turku_public
TKU_5351,TKU_1100,COMMERCIAL,AC,2019-10-08 08:21:00,2019-10-08 12:17:00,3.69,236.0,176.162,turku_public
TKU_5360,TKU_1100,COMMERCIAL,AC,2019-10-08 12:40:00,2019-10-08 16:03:00,13.49,203.0,0.0,turku_public
TKU_5371,TKU_1100,COMMERCIAL,AC,2019-10-08 16:50:00,2019-10-08 19:13:00,12.98,143.0,0.0,turku_public
TKU_5376,TKU_1100,COMMERCIAL,AC,2019-10-08 19:27:00,2019-10-08 23:09:00,8.19,222.0,89.189,turku_public
TKU_5384,TKU_1100,COMMERCIAL,AC,2019-10-09 10:20:00,2019-10-09 14:23:00,7.75,243.0,117.324,turku_public
TKU_5394,TKU_1100,COMMERCIAL,AC,2019-10-09 14:31:00,2019-10-09 16:59:00,14.93,148.0,0.0,turku_public
TKU_5412,TKU_1100,COMMERCIAL,AC,2019-10-10 08:54:00,2019-10-10 10:21:00,4.99,87.0,6.081,turku_public
TKU_5417,TKU_1100,COMMERCIAL,AC,2019-10-10 10:26:00,2019-10-10 13:46:00,0.0,200.0,200.0,turku_public
TKU_5424,TKU_1100,COMMERCIAL,AC,2019-10-10 13:46:00,2019-10-10 15:10:00,0.0,84.0,84.0,turku_public
TKU_5427,TKU_1100,COMMERCIAL,AC,2019-10-10 15:10:00,2019-10-10 16:44:00,5.1,94.0,11.297,turku_public
TKU_5430,TKU_1100,COMMERCIAL,AC,2019-10-10 16:48:00,2019-10-10 20:02:00,6.29,194.0,92.0,turku_public
TKU_5442,TKU_1100,COMMERCIAL,AC,2019-10-11 08:26:00,2019-10-11 09:57:00,1.58,91.0,65.378,turku_public
TKU_5447,TKU_1100,COMMERCIAL,AC,2019-10-11 10:19:00,2019-10-11 14:30:00,7.35,251.0,131.811,turku_public
TKU_5455,TKU_1100,COMMERCIAL,AC,2019-10-11 14:53:00,2019-10-11 15:28:00,1.88,35.0,4.514,turku_public
TKU_5458,TKU_1100,COMMERCIAL,AC,2019-10-11 16:03:00,2019-10-11 16:46:00,2.36,43.0,4.73,turku_public
TKU_5460,TKU_1100,COMMERCIAL,AC,2019-10-11 17:36:00,2019-10-11 17:36:00,0.02,0.0,0.0,turku_public
TKU_5462,TKU_1100,COMMERCIAL,AC,2019-10-11 17:37:00,2019-10-11 19:10:00,4.11,93.0,26.351,turku_public
TKU_5467,TKU_1100,COMMERCIAL,AC,2019-10-11 19:55:00,2019-10-12 11:03:00,7.52,908.0,786.054,turku_public
TKU_5475,TKU_1100,COMMERCIAL,AC,2019-10-12 11:44:00,2019-10-12 11:44:00,0.0,0.0,0.0,turku_public
TKU_5476,TKU_1100,COMMERCIAL,AC,2019-10-12 11:45:00,2019-10-12 13:22:00,4.03,97.0,31.649,turku_public
TKU_5481,TKU_1100,COMMERCIAL,AC,2019-10-12 13:50:00,2019-10-12 16:35:00,6.92,165.0,52.784,turku_public
TKU_5486,TKU_1100,COMMERCIAL,AC,2019-10-12 16:57:00,2019-10-12 17:32:00,4.84,35.0,0.0,turku_public
TKU_5492,TKU_1100,COMMERCIAL,AC,2019-10-13 12:23:00,2019-10-13 14:21:00,3.25,118.0,65.297,turku_public
TKU_5503,TKU_1100,COMMERCIAL,AC,2019-10-13 14:37:00,2019-10-13 16:59:00,5.81,142.0,47.784,turku_public
TKU_5512,TKU_1100,COMMERCIAL,AC,2019-10-13 17:41:00,2019-10-13 20:19:00,5.48,158.0,69.135,turku_public
TKU_5522,TKU_1100,COMMERCIAL,AC,2019-10-14 09:22:00,2019-10-14 13:12:00,7.58,230.0,107.081,turku_public
TKU_5527,TKU_1100,COMMERCIAL,AC,2019-10-14 13:48:00,2019-10-14 15:25:00,4.34,97.0,26.622,turku_public
TKU_5540,TKU_1100,COMMERCIAL,AC,2019-10-14 16:42:00,2019-10-14 20:47:00,8.65,245.0,104.73,turku_public
TKU_5557,TKU_1100,COMMERCIAL,AC,2019-10-15 10:53:00,2019-10-15 10:54:00,0.0,1.0,1.0,turku_public
TKU_5558,TKU_1100,COMMERCIAL,AC,2019-10-15 11:42:00,2019-10-15 14:18:00,0.0,156.0,156.0,turku_public
TKU_5565,TKU_1100,COMMERCIAL,AC,2019-10-15 14:18:00,2019-10-15 16:13:00,0.0,115.0,115.0,turku_public
TKU_5567,TKU_1100,COMMERCIAL,AC,2019-10-15 16:15:00,2019-10-15 16:58:00,2.18,43.0,7.649,turku_public
TKU_5569,TKU_1100,COMMERCIAL,AC,2019-10-15 17:35:00,2019-10-15 20:50:00,12.53,195.0,0.0,turku_public
TKU_5580,TKU_1100,COMMERCIAL,AC,2019-10-16 08:13:00,2019-10-16 11:47:00,9.49,214.0,60.108,turku_public
TKU_5592,TKU_1100,COMMERCIAL,AC,2019-10-16 11:50:00,2019-10-16 12:22:00,1.81,32.0,2.649,turku_public
TKU_5596,TKU_1100,COMMERCIAL,AC,2019-10-16 13:13:00,2019-10-16 15:19:00,1.24,126.0,105.892,turku_public
TKU_5601,TKU_1100,COMMERCIAL,AC,2019-10-16 16:51:00,2019-10-16 17:54:00,6.41,63.0,0.0,turku_public
TKU_5605,TKU_1100,COMMERCIAL,AC,2019-10-16 18:42:00,2019-10-17 06:15:00,14.6,693.0,456.243,turku_public
TKU_5610,TKU_1100,COMMERCIAL,AC,2019-10-17 08:14:00,2019-10-17 08:14:00,0.0,0.0,0.0,turku_public
TKU_5611,TKU_1100,COMMERCIAL,AC,2019-10-17 08:15:00,2019-10-17 09:49:00,4.0,94.0,29.135,turku_public
TKU_5617,TKU_1100,COMMERCIAL,AC,2019-10-17 10:46:00,2019-10-17 11:47:00,2.64,61.0,18.189,turku_public
TKU_5619,TKU_1100,COMMERCIAL,AC,2019-10-17 12:06:00,2019-10-17 12:37:00,1.69,31.0,3.595,turku_public
TKU_5622,TKU_1100,COMMERCIAL,AC,2019-10-17 12:41:00,2019-10-17 14:23:00,2.29,102.0,64.865,turku_public
TKU_5631,TKU_1100,COMMERCIAL,AC,2019-10-17 19:44:00,2019-10-17 20:01:00,0.85,17.0,3.216,turku_public
TKU_5638,TKU_1100,COMMERCIAL,AC,2019-10-18 09:33:00,2019-10-18 12:44:00,6.05,191.0,92.892,turku_public
TKU_5647,TKU_1100,COMMERCIAL,AC,2019-10-18 13:22:00,2019-10-18 14:50:00,2.49,88.0,47.622,turku_public
TKU_5649,TKU_1100,COMMERCIAL,AC,2019-10-18 15:39:00,2019-10-18 16:27:00,2.42,48.0,8.757,turku_public
TKU_5652,TKU_1100,COMMERCIAL,AC,2019-10-18 16:55:00,2019-10-18 19:51:00,9.77,176.0,17.568,turku_public
TKU_5657,TKU_1100,COMMERCIAL,AC,2019-10-18 21:08:00,2019-10-18 23:18:00,8.2,130.0,0.0,turku_public
TKU_5662,TKU_1100,COMMERCIAL,AC,2019-10-19 12:27:00,2019-10-19 15:57:00,1.43,210.0,186.811,turku_public
TKU_5669,TKU_1100,COMMERCIAL,AC,2019-10-19 17:13:00,2019-10-19 17:54:00,2.23,41.0,4.838,turku_public
TKU_5672,TKU_1100,COMMERCIAL,AC,2019-10-19 18:10:00,2019-10-19 19:29:00,4.28,79.0,9.595,turku_public
TKU_5673,TKU_1100,COMMERCIAL,AC,2019-10-19 19:47:00,2019-10-19 21:41:00,6.48,114.0,8.919,turku_public
TKU_5678,TKU_1100,COMMERCIAL,AC,2019-10-20 12:48:00,2019-10-20 14:01:00,2.04,73.0,39.919,turku_public
TKU_5685,TKU_1100,COMMERCIAL,AC,2019-10-20 17:52:00,2019-10-20 19:41:00,4.2,109.0,40.892,turku_public
TKU_5691,TKU_1100,COMMERCIAL,AC,2019-10-21 08:41:00,2019-10-21 11:31:00,7.29,170.0,51.784,turku_public
TKU_5699,TKU_1100,COMMERCIAL,AC,2019-10-21 11:58:00,2019-10-21 12:37:00,2.21,39.0,3.162,turku_public
TKU_5703,TKU_1100,COMMERCIAL,AC,2019-10-21 12:59:00,2019-10-21 12:59:00,0.0,0.0,0.0,turku_public
TKU_5704,TKU_1100,COMMERCIAL,AC,2019-10-21 13:01:00,2019-10-21 17:05:00,7.78,244.0,117.838,turku_public
TKU_5710,TKU_1100,COMMERCIAL,AC,2019-10-21 17:14:00,2019-10-21 19:33:00,12.45,139.0,0.0,turku_public
TKU_5716,TKU_1100,COMMERCIAL,AC,2019-10-22 08:25:00,2019-10-22 10:11:00,5.38,106.0,18.757,turku_public
TKU_5723,TKU_1100,COMMERCIAL,AC,2019-10-22 10:22:00,2019-10-22 13:17:00,7.28,175.0,56.946,turku_public
TKU_5727,TKU_1100,COMMERCIAL,AC,2019-10-22 13:35:00,2019-10-22 13:36:00,0.0,1.0,1.0,turku_public
TKU_5728,TKU_1100,COMMERCIAL,AC,2019-10-22 13:37:00,2019-10-22 14:40:00,1.89,63.0,32.351,turku_public
TKU_5732,TKU_1100,COMMERCIAL,AC,2019-10-22 15:14:00,2019-10-22 16:54:00,0.0,100.0,100.0,turku_public
TKU_5735,TKU_1100,COMMERCIAL,AC,2019-10-22 16:54:00,2019-10-22 17:46:00,0.0,52.0,52.0,turku_public
TKU_5737,TKU_1100,COMMERCIAL,AC,2019-10-22 17:48:00,2019-10-22 20:41:00,6.64,173.0,65.324,turku_public
TKU_5742,TKU_1100,COMMERCIAL,AC,2019-10-23 08:06:00,2019-10-23 08:06:00,0.0,0.0,0.0,turku_public
TKU_5743,TKU_1100,COMMERCIAL,AC,2019-10-23 08:07:00,2019-10-23 11:54:00,8.34,227.0,91.757,turku_public
TKU_5756,TKU_1100,COMMERCIAL,AC,2019-10-23 12:42:00,2019-10-23 13:25:00,2.45,43.0,3.27,turku_public
TKU_5761,TKU_1100,COMMERCIAL,AC,2019-10-23 16:33:00,2019-10-23 16:33:00,0.0,0.0,0.0,turku_public
TKU_5762,TKU_1100,COMMERCIAL,AC,2019-10-23 16:36:00,2019-10-23 17:23:00,2.51,47.0,6.297,turku_public
TKU_5765,TKU_1100,COMMERCIAL,AC,2019-10-23 18:00:00,2019-10-23 22:04:00,12.63,244.0,39.189,turku_public
TKU_5775,TKU_1100,COMMERCIAL,AC,2019-10-24 08:23:00,2019-10-24 09:37:00,1.93,74.0,42.703,turku_public
TKU_5778,TKU_1100,COMMERCIAL,AC,2019-10-24 10:19:00,2019-10-24 13:37:00,2.72,198.0,153.892,turku_public
TKU_5793,TKU_1100,COMMERCIAL,AC,2019-10-24 16:40:00,2019-10-24 18:45:00,10.18,125.0,0.0,turku_public
TKU_5801,TKU_1100,COMMERCIAL,AC,2019-10-24 21:05:00,2019-10-24 21:05:00,0.0,0.0,0.0,turku_public
TKU_5802,TKU_1100,COMMERCIAL,AC,2019-10-24 22:18:00,2019-10-24 23:59:00,26.01,101.0,0.0,turku_public
TKU_5812,TKU_1100,COMMERCIAL,AC,2019-10-25 08:26:00,2019-10-25 09:28:00,3.52,62.0,4.919,turku_public
TKU_5813,TKU_1100,COMMERCIAL,AC,2019-10-25 09:59:00,2019-10-25 11:05:00,0.0,66.0,66.0,turku_public
TKU_5815,TKU_1100,COMMERCIAL,AC,2019-10-25 11:05:00,2019-10-25 15:46:00,0.0,281.0,281.0,turku_public
TKU_5823,TKU_1100,COMMERCIAL,AC,2019-10-25 15:49:00,2019-10-25 18:53:00,0.0,184.0,184.0,turku_public
TKU_5835,TKU_1100,COMMERCIAL,AC,2019-10-26 08:44:00,2019-10-26 11:13:00,4.77,149.0,71.649,turku_public
TKU_5841,TKU_1100,COMMERCIAL,AC,2019-10-26 12:04:00,2019-10-26 13:58:00,4.32,114.0,43.946,turku_public
TKU_5850,TKU_1100,COMMERCIAL,AC,2019-10-26 18:23:00,2019-10-26 20:22:00,12.71,119.0,0.0,turku_public
TKU_5857,TKU_1100,COMMERCIAL,AC,2019-10-26 23:00:00,2019-10-27 00:30:00,4.61,90.0,15.243,turku_public
TKU_5862,TKU_1100,COMMERCIAL,AC,2019-10-27 14:28:00,2019-10-27 17:36:00,3.89,188.0,124.919,turku_public
TKU_5866,TKU_1100,COMMERCIAL,AC,2019-10-27 17:54:00,2019-10-27 20:37:00,7.54,163.0,40.73,turku_public
TKU_5869,TKU_1100,COMMERCIAL,AC,2019-10-27 20:37:00,2019-10-27 20:38:00,0.01,1.0,0.838,turku_public
TKU_5873,TKU_1100,COMMERCIAL,AC,2019-10-28 09:16:00,2019-10-28 11:41:00,6.24,145.0,43.811,turku_public
TKU_5879,TKU_1100,COMMERCIAL,AC,2019-10-28 12:08:00,2019-10-28 12:51:00,2.38,43.0,4.405,turku_public
TKU_5881,TKU_1100,COMMERCIAL,AC,2019-10-28 12:59:00,2019-10-28 13:36:00,0.5,37.0,28.892,turku_public
TKU_5885,TKU_1100,COMMERCIAL,AC,2019-10-28 14:41:00,2019-10-28 16:06:00,8.7,85.0,0.0,turku_public
TKU_5891,TKU_1100,COMMERCIAL,AC,2019-10-28 17:17:00,2019-10-28 18:39:00,4.51,82.0,8.865,turku_public
TKU_5897,TKU_1100,COMMERCIAL,AC,2019-10-29 08:22:00,2019-10-29 11:05:00,7.45,163.0,42.189,turku_public
TKU_5907,TKU_1100,COMMERCIAL,AC,2019-10-29 11:20:00,2019-10-29 12:56:00,4.46,96.0,23.676,turku_public
TKU_5911,TKU_1100,COMMERCIAL,AC,2019-10-29 13:12:00,2019-10-29 14:19:00,3.36,67.0,12.514,turku_public
TKU_5913,TKU_1100,COMMERCIAL,AC,2019-10-29 15:09:00,2019-10-29 15:11:00,0.0,2.0,2.0,turku_public
TKU_5917,TKU_1100,COMMERCIAL,AC,2019-10-29 16:11:00,2019-10-29 17:28:00,4.26,77.0,7.919,turku_public
TKU_5925,TKU_1100,COMMERCIAL,AC,2019-10-30 07:39:00,2019-10-30 11:20:00,2.24,221.0,184.676,turku_public
TKU_5932,TKU_1100,COMMERCIAL,AC,2019-10-30 11:56:00,2019-10-30 17:58:00,7.26,362.0,244.27,turku_public
TKU_5951,TKU_1100,COMMERCIAL,AC,2019-10-30 20:09:00,2019-10-30 23:01:00,2.29,172.0,134.865,turku_public
TKU_5967,TKU_1100,COMMERCIAL,AC,2019-10-31 09:13:00,2019-10-31 12:27:00,3.31,194.0,140.324,turku_public
TKU_5977,TKU_1100,COMMERCIAL,AC,2019-10-31 13:18:00,2019-10-31 13:47:00,1.56,29.0,3.703,turku_public
TKU_5978,TKU_1100,COMMERCIAL,AC,2019-10-31 13:58:00,2019-10-31 17:47:00,7.47,229.0,107.865,turku_public
TKU_4433,TKU_1138,COMMERCIAL,AC,2019-09-01 11:10:00,2019-09-01 14:18:00,8.1,188.0,56.649,turku_public
TKU_4445,TKU_1138,COMMERCIAL,AC,2019-09-01 19:18:00,2019-09-01 19:28:00,0.51,10.0,1.73,turku_public
TKU_4452,TKU_1138,COMMERCIAL,AC,2019-09-02 08:35:00,2019-09-02 11:55:00,7.96,200.0,70.919,turku_public
TKU_4462,TKU_1138,COMMERCIAL,AC,2019-09-02 16:31:00,2019-09-02 17:32:00,3.39,61.0,6.027,turku_public
TKU_4467,TKU_1138,COMMERCIAL,AC,2019-09-02 19:14:00,2019-09-02 22:44:00,6.81,210.0,99.568,turku_public
TKU_4473,TKU_1138,COMMERCIAL,AC,2019-09-03 10:07:00,2019-09-03 10:07:00,0.0,0.0,0.0,turku_public
TKU_4474,TKU_1138,COMMERCIAL,AC,2019-09-03 10:08:00,2019-09-03 13:14:00,5.88,186.0,90.649,turku_public
TKU_4480,TKU_1138,COMMERCIAL,AC,2019-09-03 15:11:00,2019-09-03 18:26:00,7.21,195.0,78.081,turku_public
TKU_4486,TKU_1138,COMMERCIAL,AC,2019-09-04 08:12:00,2019-09-04 09:02:00,2.73,50.0,5.73,turku_public
TKU_4494,TKU_1138,COMMERCIAL,AC,2019-09-04 10:03:00,2019-09-04 14:31:00,5.68,268.0,175.892,turku_public
TKU_4501,TKU_1138,COMMERCIAL,AC,2019-09-04 15:47:00,2019-09-04 18:36:00,8.83,169.0,25.811,turku_public
TKU_4514,TKU_1138,COMMERCIAL,AC,2019-09-05 10:31:00,2019-09-05 14:19:00,4.36,228.0,157.297,turku_public
TKU_4523,TKU_1138,COMMERCIAL,AC,2019-09-05 15:13:00,2019-09-05 15:13:00,0.0,0.0,0.0,turku_public
TKU_4524,TKU_1138,COMMERCIAL,AC,2019-09-05 15:16:00,2019-09-05 17:27:00,6.89,131.0,19.27,turku_public
TKU_4530,TKU_1138,COMMERCIAL,AC,2019-09-05 18:53:00,2019-09-05 21:14:00,6.14,141.0,41.432,turku_public
TKU_4535,TKU_1138,COMMERCIAL,AC,2019-09-05 21:45:00,2019-09-06 07:29:00,6.08,584.0,485.405,turku_public
TKU_4544,TKU_1138,COMMERCIAL,AC,2019-09-06 08:28:00,2019-09-06 13:28:00,5.83,300.0,205.459,turku_public
TKU_4553,TKU_1138,COMMERCIAL,AC,2019-09-06 13:40:00,2019-09-06 14:11:00,5.03,31.0,0.0,turku_public
TKU_4557,TKU_1138,COMMERCIAL,AC,2019-09-06 15:07:00,2019-09-06 15:55:00,2.65,48.0,5.027,turku_public
TKU_4575,TKU_1138,COMMERCIAL,AC,2019-09-07 15:40:00,2019-09-07 16:39:00,3.32,59.0,5.162,turku_public
TKU_4593,TKU_1138,COMMERCIAL,AC,2019-09-08 15:04:00,2019-09-08 21:36:00,6.12,392.0,292.757,turku_public
TKU_4605,TKU_1138,COMMERCIAL,AC,2019-09-09 08:29:00,2019-09-09 16:12:00,5.81,463.0,368.784,turku_public
TKU_4622,TKU_1138,COMMERCIAL,AC,2019-09-09 20:06:00,2019-09-09 21:01:00,2.47,55.0,14.946,turku_public
TKU_4629,TKU_1138,COMMERCIAL,AC,2019-09-10 08:26:00,2019-09-10 16:11:00,6.07,465.0,366.568,turku_public
TKU_4645,TKU_1138,COMMERCIAL,AC,2019-09-10 17:06:00,2019-09-10 19:22:00,7.6,136.0,12.757,turku_public
TKU_4658,TKU_1138,COMMERCIAL,AC,2019-09-11 13:41:00,2019-09-11 13:43:00,0.12,2.0,0.054,turku_public
TKU_4659,TKU_1138,COMMERCIAL,AC,2019-09-11 13:44:00,2019-09-11 15:55:00,5.08,131.0,48.622,turku_public
TKU_4663,TKU_1138,COMMERCIAL,AC,2019-09-11 16:13:00,2019-09-11 16:25:00,1.2,12.0,0.0,turku_public
TKU_4665,TKU_1138,COMMERCIAL,AC,2019-09-11 16:54:00,2019-09-11 20:05:00,6.25,191.0,89.649,turku_public
TKU_4672,TKU_1138,COMMERCIAL,AC,2019-09-11 21:25:00,2019-09-11 21:30:00,0.21,5.0,1.595,turku_public
TKU_4673,TKU_1138,COMMERCIAL,AC,2019-09-11 21:39:00,2019-09-11 21:39:00,0.0,0.0,0.0,turku_public
TKU_4674,TKU_1138,COMMERCIAL,AC,2019-09-11 21:41:00,2019-09-11 22:40:00,3.15,59.0,7.919,turku_public
TKU_4683,TKU_1138,COMMERCIAL,AC,2019-09-12 13:27:00,2019-09-12 14:57:00,4.48,90.0,17.351,turku_public
TKU_4686,TKU_1138,COMMERCIAL,AC,2019-09-12 15:40:00,2019-09-12 18:04:00,3.48,144.0,87.568,turku_public
TKU_4705,TKU_1138,COMMERCIAL,AC,2019-09-13 09:21:00,2019-09-13 11:12:00,4.64,111.0,35.757,turku_public
TKU_4720,TKU_1138,COMMERCIAL,AC,2019-09-13 17:32:00,2019-09-13 19:57:00,5.18,145.0,61.0,turku_public
TKU_4726,TKU_1138,COMMERCIAL,AC,2019-09-14 12:48:00,2019-09-14 15:44:00,16.44,176.0,0.0,turku_public
TKU_4745,TKU_1138,COMMERCIAL,AC,2019-09-15 14:06:00,2019-09-15 14:22:00,0.27,16.0,11.622,turku_public
TKU_4746,TKU_1138,COMMERCIAL,AC,2019-09-15 14:56:00,2019-09-15 16:56:00,5.82,120.0,25.622,turku_public
TKU_4752,TKU_1138,COMMERCIAL,AC,2019-09-15 17:46:00,2019-09-15 18:51:00,3.45,65.0,9.054,turku_public
TKU_4755,TKU_1138,COMMERCIAL,AC,2019-09-15 20:46:00,2019-09-15 22:43:00,6.18,117.0,16.784,turku_public
TKU_4758,TKU_1138,COMMERCIAL,AC,2019-09-16 07:31:00,2019-09-16 08:46:00,4.09,75.0,8.676,turku_public
TKU_4763,TKU_1138,COMMERCIAL,AC,2019-09-16 09:00:00,2019-09-16 14:31:00,4.85,331.0,252.351,turku_public
TKU_4776,TKU_1138,COMMERCIAL,AC,2019-09-16 16:37:00,2019-09-16 16:48:00,0.0,11.0,11.0,turku_public
TKU_4778,TKU_1138,COMMERCIAL,AC,2019-09-16 16:48:00,2019-09-16 17:14:00,0.0,26.0,26.0,turku_public
TKU_4779,TKU_1138,COMMERCIAL,AC,2019-09-16 17:14:00,2019-09-16 18:02:00,4.93,48.0,0.0,turku_public
TKU_4790,TKU_1138,COMMERCIAL,AC,2019-09-17 08:50:00,2019-09-17 09:09:00,0.0,19.0,19.0,turku_public
TKU_4791,TKU_1138,COMMERCIAL,AC,2019-09-17 09:10:00,2019-09-17 16:31:00,0.0,441.0,441.0,turku_public
TKU_4818,TKU_1138,COMMERCIAL,AC,2019-09-18 10:40:00,2019-09-18 14:44:00,6.04,244.0,146.054,turku_public
TKU_4830,TKU_1138,COMMERCIAL,AC,2019-09-18 14:52:00,2019-09-18 14:58:00,0.26,6.0,1.784,turku_public
TKU_4848,TKU_1138,COMMERCIAL,AC,2019-09-19 08:28:00,2019-09-19 18:11:00,6.29,583.0,481.0,turku_public
TKU_4870,TKU_1138,COMMERCIAL,AC,2019-09-19 19:38:00,2019-09-19 23:23:00,8.02,225.0,94.946,turku_public
TKU_4880,TKU_1138,COMMERCIAL,AC,2019-09-20 09:01:00,2019-09-20 11:26:00,4.51,145.0,71.865,turku_public
TKU_4884,TKU_1138,COMMERCIAL,AC,2019-09-20 12:35:00,2019-09-20 14:35:00,4.05,120.0,54.324,turku_public
TKU_4910,TKU_1138,COMMERCIAL,AC,2019-09-21 15:22:00,2019-09-21 17:31:00,5.55,129.0,39.0,turku_public
TKU_4924,TKU_1138,COMMERCIAL,AC,2019-09-22 10:42:00,2019-09-22 14:46:00,7.05,244.0,129.676,turku_public
TKU_4931,TKU_1138,COMMERCIAL,AC,2019-09-22 15:14:00,2019-09-22 16:55:00,5.61,101.0,10.027,turku_public
TKU_4936,TKU_1138,COMMERCIAL,AC,2019-09-22 17:36:00,2019-09-22 19:38:00,6.27,122.0,20.324,turku_public
TKU_4937,TKU_1138,COMMERCIAL,AC,2019-09-22 20:53:00,2019-09-22 23:17:00,6.94,144.0,31.459,turku_public
TKU_4955,TKU_1138,COMMERCIAL,AC,2019-09-23 16:12:00,2019-09-23 19:58:00,7.53,226.0,103.892,turku_public
TKU_4980,TKU_1138,COMMERCIAL,AC,2019-09-24 10:57:00,2019-09-24 11:44:00,2.11,47.0,12.784,turku_public
TKU_4991,TKU_1138,COMMERCIAL,AC,2019-09-24 17:29:00,2019-09-24 19:49:00,7.83,140.0,13.027,turku_public
TKU_5001,TKU_1138,COMMERCIAL,AC,2019-09-25 08:48:00,2019-09-25 11:16:00,8.26,148.0,14.054,turku_public
TKU_5015,TKU_1138,COMMERCIAL,AC,2019-09-25 15:52:00,2019-09-25 17:57:00,4.98,125.0,44.243,turku_public
TKU_5021,TKU_1138,COMMERCIAL,AC,2019-09-25 19:59:00,2019-09-25 21:20:00,4.43,81.0,9.162,turku_public
TKU_5033,TKU_1138,COMMERCIAL,AC,2019-09-26 11:07:00,2019-09-26 11:58:00,2.53,51.0,9.973,turku_public
TKU_5041,TKU_1138,COMMERCIAL,AC,2019-09-26 15:51:00,2019-09-26 18:01:00,6.38,130.0,26.541,turku_public
TKU_5047,TKU_1138,COMMERCIAL,AC,2019-09-26 18:22:00,2019-09-26 21:12:00,9.06,170.0,23.081,turku_public
TKU_5057,TKU_1138,COMMERCIAL,AC,2019-09-27 09:04:00,2019-09-27 12:21:00,7.88,197.0,69.216,turku_public
TKU_5061,TKU_1138,COMMERCIAL,AC,2019-09-27 12:30:00,2019-09-27 15:32:00,4.21,182.0,113.73,turku_public
TKU_5067,TKU_1138,COMMERCIAL,AC,2019-09-27 15:52:00,2019-09-27 18:00:00,3.52,128.0,70.919,turku_public
TKU_5077,TKU_1138,COMMERCIAL,AC,2019-09-28 08:28:00,2019-09-28 22:11:00,5.67,823.0,731.054,turku_public
TKU_5113,TKU_1138,COMMERCIAL,AC,2019-09-30 11:37:00,2019-09-30 12:10:00,1.71,33.0,5.27,turku_public
TKU_5115,TKU_1138,COMMERCIAL,AC,2019-09-30 12:58:00,2019-09-30 14:14:00,4.28,76.0,6.595,turku_public
TKU_5140,TKU_1138,COMMERCIAL,AC,2019-10-01 15:53:00,2019-10-01 17:33:00,5.66,100.0,8.216,turku_public
TKU_5152,TKU_1138,COMMERCIAL,AC,2019-10-02 08:10:00,2019-10-02 09:09:00,3.26,59.0,6.135,turku_public
TKU_5166,TKU_1138,COMMERCIAL,AC,2019-10-02 13:53:00,2019-10-02 14:12:00,0.0,19.0,19.0,turku_public
TKU_5176,TKU_1138,COMMERCIAL,AC,2019-10-02 16:33:00,2019-10-02 18:03:00,4.61,90.0,15.243,turku_public
TKU_5198,TKU_1138,COMMERCIAL,AC,2019-10-03 10:17:00,2019-10-03 15:26:00,5.83,309.0,214.459,turku_public
TKU_5210,TKU_1138,COMMERCIAL,AC,2019-10-03 16:14:00,2019-10-03 17:26:00,0.0,72.0,72.0,turku_public
TKU_5238,TKU_1138,COMMERCIAL,AC,2019-10-04 13:42:00,2019-10-04 16:28:00,6.0,166.0,68.703,turku_public
TKU_5265,TKU_1138,COMMERCIAL,AC,2019-10-05 10:00:00,2019-10-05 13:39:00,3.3,219.0,165.486,turku_public
TKU_5276,TKU_1138,COMMERCIAL,AC,2019-10-05 15:29:00,2019-10-05 15:38:00,0.38,9.0,2.838,turku_public
TKU_5278,TKU_1138,COMMERCIAL,AC,2019-10-05 16:37:00,2019-10-05 17:58:00,4.11,81.0,14.351,turku_public
TKU_5288,TKU_1138,COMMERCIAL,AC,2019-10-05 19:43:00,2019-10-05 21:22:00,4.64,99.0,23.757,turku_public
TKU_5307,TKU_1138,COMMERCIAL,AC,2019-10-06 15:16:00,2019-10-06 16:45:00,4.76,89.0,11.811,turku_public
TKU_5322,TKU_1138,COMMERCIAL,AC,2019-10-07 09:29:00,2019-10-07 12:49:00,7.42,200.0,79.676,turku_public
TKU_5339,TKU_1138,COMMERCIAL,AC,2019-10-07 17:14:00,2019-10-08 16:30:00,0.0,1396.0,1396.0,turku_public
TKU_5368,TKU_1138,COMMERCIAL,AC,2019-10-08 16:31:00,2019-10-09 05:22:00,9.95,771.0,609.649,turku_public
TKU_5383,TKU_1138,COMMERCIAL,AC,2019-10-09 09:30:00,2019-10-09 14:00:00,5.44,270.0,181.784,turku_public
TKU_5398,TKU_1138,COMMERCIAL,AC,2019-10-09 15:24:00,2019-10-09 16:10:00,2.34,46.0,8.054,turku_public
TKU_5416,TKU_1138,COMMERCIAL,AC,2019-10-10 10:12:00,2019-10-10 14:27:00,4.73,255.0,178.297,turku_public
TKU_5433,TKU_1138,COMMERCIAL,AC,2019-10-10 16:54:00,2019-10-10 18:09:00,1.24,75.0,54.892,turku_public
TKU_5443,TKU_1138,COMMERCIAL,AC,2019-10-11 09:13:00,2019-10-11 11:15:00,2.73,122.0,77.73,turku_public
TKU_5453,TKU_1138,COMMERCIAL,AC,2019-10-11 14:10:00,2019-10-11 14:26:00,0.41,16.0,9.351,turku_public
TKU_5459,TKU_1138,COMMERCIAL,AC,2019-10-11 16:21:00,2019-10-11 19:50:00,7.55,209.0,86.568,turku_public
TKU_5480,TKU_1138,COMMERCIAL,AC,2019-10-12 13:16:00,2019-10-12 16:32:00,10.02,196.0,33.514,turku_public
TKU_5485,TKU_1138,COMMERCIAL,AC,2019-10-12 16:52:00,2019-10-12 17:21:00,1.48,29.0,5.0,turku_public
TKU_5498,TKU_1138,COMMERCIAL,AC,2019-10-13 13:11:00,2019-10-13 14:11:00,3.35,60.0,5.676,turku_public
TKU_5511,TKU_1138,COMMERCIAL,AC,2019-10-13 17:32:00,2019-10-13 19:37:00,6.94,125.0,12.459,turku_public
TKU_5518,TKU_1138,COMMERCIAL,AC,2019-10-13 21:06:00,2019-10-13 23:17:00,6.47,131.0,26.081,turku_public
TKU_5528,TKU_1138,COMMERCIAL,AC,2019-10-14 14:18:00,2019-10-14 15:49:00,5.18,91.0,7.0,turku_public
TKU_5533,TKU_1138,COMMERCIAL,AC,2019-10-14 15:55:00,2019-10-14 19:51:00,9.32,236.0,84.865,turku_public
TKU_5549,TKU_1138,COMMERCIAL,AC,2019-10-15 08:08:00,2019-10-15 12:13:00,3.62,245.0,186.297,turku_public
TKU_5563,TKU_1138,COMMERCIAL,AC,2019-10-15 13:34:00,2019-10-15 14:17:00,2.35,43.0,4.892,turku_public
TKU_5566,TKU_1138,COMMERCIAL,AC,2019-10-15 16:04:00,2019-10-15 16:57:00,2.85,53.0,6.784,turku_public
TKU_5568,TKU_1138,COMMERCIAL,AC,2019-10-15 17:07:00,2019-10-15 18:17:00,0.0,70.0,70.0,turku_public
TKU_5576,TKU_1138,COMMERCIAL,AC,2019-10-15 21:47:00,2019-10-15 22:08:00,0.62,21.0,10.946,turku_public
TKU_5577,TKU_1138,COMMERCIAL,AC,2019-10-15 23:03:00,2019-10-16 09:52:00,8.35,649.0,513.595,turku_public
TKU_5593,TKU_1138,COMMERCIAL,AC,2019-10-16 12:17:00,2019-10-16 15:19:00,14.25,182.0,0.0,turku_public
TKU_5599,TKU_1138,COMMERCIAL,AC,2019-10-16 16:20:00,2019-10-16 17:32:00,3.96,72.0,7.784,turku_public
TKU_5614,TKU_1138,COMMERCIAL,AC,2019-10-17 09:20:00,2019-10-17 13:10:00,13.85,230.0,5.405,turku_public
TKU_5624,TKU_1138,COMMERCIAL,AC,2019-10-17 13:53:00,2019-10-17 16:07:00,3.2,134.0,82.108,turku_public
TKU_5630,TKU_1138,COMMERCIAL,AC,2019-10-17 19:17:00,2019-10-17 20:16:00,3.33,59.0,5.0,turku_public
TKU_5633,TKU_1138,COMMERCIAL,AC,2019-10-17 20:23:00,2019-10-18 11:55:00,5.22,932.0,847.351,turku_public
TKU_5644,TKU_1138,COMMERCIAL,AC,2019-10-18 11:58:00,2019-10-18 13:06:00,1.32,68.0,46.595,turku_public
TKU_5648,TKU_1138,COMMERCIAL,AC,2019-10-18 14:22:00,2019-10-18 16:26:00,1.84,124.0,94.162,turku_public
TKU_5654,TKU_1138,COMMERCIAL,AC,2019-10-18 17:58:00,2019-10-18 19:42:00,5.78,104.0,10.27,turku_public
TKU_5681,TKU_1138,COMMERCIAL,AC,2019-10-20 14:02:00,2019-10-20 14:51:00,2.72,49.0,4.892,turku_public
TKU_5700,TKU_1138,COMMERCIAL,AC,2019-10-21 12:00:00,2019-10-21 12:53:00,0.0,53.0,53.0,turku_public
TKU_5707,TKU_1138,COMMERCIAL,AC,2019-10-21 16:14:00,2019-10-21 19:18:00,6.4,184.0,80.216,turku_public
TKU_5713,TKU_1138,COMMERCIAL,AC,2019-10-21 19:33:00,2019-10-21 21:11:00,4.79,98.0,20.324,turku_public
TKU_5721,TKU_1138,COMMERCIAL,AC,2019-10-22 09:41:00,2019-10-22 13:03:00,14.01,202.0,0.0,turku_public
TKU_5731,TKU_1138,COMMERCIAL,AC,2019-10-22 14:20:00,2019-10-22 18:15:00,7.17,235.0,118.73,turku_public
TKU_5745,TKU_1138,COMMERCIAL,AC,2019-10-23 08:44:00,2019-10-23 08:44:00,0.0,0.0,0.0,turku_public
TKU_5755,TKU_1138,COMMERCIAL,AC,2019-10-23 12:39:00,2019-10-24 10:08:00,0.0,1289.0,1289.0,turku_public
TKU_5777,TKU_1138,COMMERCIAL,AC,2019-10-24 10:09:00,2019-10-24 11:19:00,2.95,70.0,22.162,turku_public
TKU_5779,TKU_1138,COMMERCIAL,AC,2019-10-24 11:31:00,2019-10-24 16:00:00,1.97,269.0,237.054,turku_public
TKU_5790,TKU_1138,COMMERCIAL,AC,2019-10-24 16:13:00,2019-10-24 19:37:00,7.78,204.0,77.838,turku_public
TKU_5806,TKU_1138,COMMERCIAL,AC,2019-10-25 07:58:00,2019-10-25 09:37:00,3.78,99.0,37.703,turku_public
TKU_5814,TKU_1138,COMMERCIAL,AC,2019-10-25 10:57:00,2019-10-25 11:21:00,0.82,24.0,10.703,turku_public
TKU_5821,TKU_1138,COMMERCIAL,AC,2019-10-25 13:58:00,2019-10-25 15:15:00,4.11,77.0,10.351,turku_public
TKU_5829,TKU_1138,COMMERCIAL,AC,2019-10-25 19:13:00,2019-10-25 21:54:00,8.28,161.0,26.73,turku_public
TKU_5832,TKU_1138,COMMERCIAL,AC,2019-10-25 22:03:00,2019-10-26 08:21:00,9.43,618.0,465.081,turku_public
TKU_5845,TKU_1138,COMMERCIAL,AC,2019-10-26 15:03:00,2019-10-26 16:05:00,6.25,62.0,0.0,turku_public
TKU_5874,TKU_1138,COMMERCIAL,AC,2019-10-28 09:19:00,2019-10-28 14:36:00,5.42,317.0,229.108,turku_public
TKU_5901,TKU_1138,COMMERCIAL,AC,2019-10-29 10:41:00,2019-10-29 14:35:00,4.81,234.0,156.0,turku_public
TKU_5937,TKU_1138,COMMERCIAL,AC,2019-10-30 13:41:00,2019-10-30 16:02:00,0.9,141.0,126.405,turku_public
TKU_5958,TKU_1138,COMMERCIAL,AC,2019-10-31 06:52:00,2019-10-31 10:13:00,8.96,201.0,55.703,turku_public
TKU_5970,TKU_1138,COMMERCIAL,AC,2019-10-31 10:34:00,2019-10-31 14:33:00,4.57,239.0,164.892,turku_public
TKU_5984,TKU_1138,COMMERCIAL,AC,2019-10-31 20:13:00,2019-10-31 21:20:00,6.9,67.0,0.0,turku_public
